year,province,city_regency,latitude,longitude,timezone,avg_temperature,avg_humidity,total_precipitation,total_rainfall,total_et0,avg_soil_moisture_0_to_7cm,avg_soil_moisture_7_to_28cm,avg_soil_moisture_28_to_100cm,hourly_records,avg_soil_moisture
2020,Aceh,Aceh Besar,5.187659,95.715548,Asia/Jakarta,23.41370673952641,87.33663479052824,3964.5,3964.5,1160.6,0.3828921903460838,0.3835250455373406,0.38501343351548273,8784,0.38381022313296903
2020,Aceh,Aceh Timur,4.94952,97.77267,Asia/Jakarta,26.89726775956284,83.91165755919855,2263.8,2263.8,1349.43,0.3634149590163934,0.3539824681238616,0.35360382513661204,8784,0.35700041742562233
2020,Aceh,Aceh Utara,5.051701,97.318123,Asia/Jakarta,26.216598360655738,88.72222222222223,2894.6,2894.6,1253.34,0.34755510018214936,0.33497301912568306,0.338600295992714,8784,0.3403761384335155
2020,Aceh,Bireuen,5.203,96.701,Asia/Jakarta,25.9198087431694,87.99795081967213,2942.3,2942.3,1294.85,0.37912101548269583,0.3755957422586521,0.3759998861566484,8784,0.3769055479659988
2020,Aceh,Pidie,5.3807,95.9549,Asia/Jakarta,26.522256375227688,86.33082877959927,2559.5,2559.5,1305.08,0.32009369307832425,0.31808481329690347,0.320716985428051,8784,0.31963183060109285
2020,Bali,Badung,-8.54389,115.17,Asia/Makassar,25.513740892531878,87.16120218579235,2567.6,2567.6,1382.56,0.32397028688524593,0.3129667577413479,0.31767030965391624,8784,0.3182024514268367
2020,Bali,Buleleng,-8.112,115.08818,Asia/Makassar,26.76568761384335,83.90220856102003,2242.7,2242.7,1450.3,0.2285728597449909,0.2201379781420765,0.21368032786885247,8784,0.22079705525197327
2020,Bali,Gianyar,-8.5435,115.3272,Asia/Makassar,25.77110655737705,85.84392076502732,2158.8,2158.8,1407.4,0.23150432604735885,0.2155089936247723,0.21029269125683062,8784,0.21910200364298726
2020,Bali,Karangasem,-8.45,115.61667,Asia/Makassar,25.32768670309654,87.14799635701274,2435.8,2435.8,1373.39,0.19814947632058288,0.18424544626593808,0.18367622950819673,8784,0.18869038403157257
2020,Bali,Tabanan,-8.5413,115.12522,Asia/Makassar,25.513740892531878,87.16120218579235,2567.6,2567.6,1382.31,0.3204624316939891,0.3050439435336976,0.3026240892531876,8784,0.3093768214936248
2020,Banten,Cilegon,-6.0144,106.0542,Asia/Jakarta,26.844489981785063,83.39310109289617,2528.8,2528.8,1389.61,0.37521755464480877,0.3687781193078324,0.3647674180327869,8784,0.369587697328476
2020,Banten,Lebak,-6.3591,106.2494,Asia/Jakarta,26.368499544626594,86.07251821493625,3056.3,3056.3,1276.59,0.3715160519125683,0.3668400500910747,0.36439389799635696,8784,0.3675833333333333
2020,Banten,Pandeglang,-6.3084,106.1067,Asia/Jakarta,25.24500227686703,85.42110655737704,3168.8,3168.8,1192.28,0.431221766848816,0.4244322632058288,0.4181934198542805,8784,0.4246158166363084
2020,Banten,Serang,-6.125,106.23278,Asia/Jakarta,26.70303961748634,85.07354280510019,3328.7,3328.7,1306.73,0.36979622040072857,0.36256306921675774,0.36033925318761384,8784,0.36423284760170005
2020,Banten,Tangerang,-6.22806,106.51389,Asia/Jakarta,26.630908469945354,84.53882058287796,3015.1,3015.1,1302.74,0.3554604963570127,0.3488650956284153,0.3502774362477231,8784,0.3515343427443837
2020,Bengkulu,Bengkulu Selatan,-4.4651,102.90386,Asia/Jakarta,26.00143442622951,88.81386612021858,5102.6,5102.6,1227.4,0.40557046903460836,0.40529792805100184,0.40811350182149364,8784,0.40632729963570124
2020,Bengkulu,Kaur,-4.79371,103.34836,Asia/Jakarta,26.319797358834244,85.93078324225866,3377.0,3377.0,1292.16,0.39802094717668485,0.3981023451730419,0.40110405282331507,8784,0.3990757817243473
2020,Bengkulu,Mukomuko,-2.5689,101.1118,Asia/Jakarta,26.233686247723135,88.51354735883424,4425.4,4425.4,1254.68,0.383554189435337,0.38535906193078323,0.39620343806921676,8784,0.38837222981177905
2020,Bengkulu,Rejang Lebong,-3.4703,102.5207,Asia/Jakarta,22.666962659380694,90.97848360655738,4661.2,4661.2,1180.18,0.39967087887067393,0.40204678961748636,0.3994148451730419,8784,0.40037750455373405
2020,Bengkulu,Seluma,-4.07543,102.57739,Asia/Jakarta,26.27634335154827,87.36566484517304,4130.4,4130.4,1253.96,0.40490744535519124,0.40542748178506377,0.40837443078324226,8784,0.40623645264116576
2020,DI Yogyakarta,Bantul,-7.88806,110.32889,Asia/Jakarta,25.962158469945354,84.29485428051002,2754.5,2754.5,1341.82,0.30081204462659383,0.293518897996357,0.30091643897996356,8784,0.2984157938676381
2020,DI Yogyakarta,Gunungkidul,-7.96556,110.60361,Asia/Jakarta,25.16987704918033,85.29872495446266,2810.6,2810.6,1317.92,0.37666097449908925,0.37908925318761383,0.39057991803278685,8784,0.3821100485731633
2020,DI Yogyakarta,Kulon Progo,-7.85722,110.15694,Asia/Jakarta,26.24678961748634,86.36543715846994,3670.7,3670.7,1288.99,0.3280302823315119,0.32066074681238615,0.3285508879781421,8784,0.3257473057073467
2020,DI Yogyakarta,Sleman,-7.71556,110.35556,Asia/Jakarta,25.096004098360655,84.54417122040073,3627.2,3627.2,1264.18,0.2342090163934426,0.2256681466302368,0.22998406193078325,8784,0.22995374165148755
2020,DI Yogyakarta,Yogyakarta,-7.80139,110.36472,Asia/Jakarta,26.05790072859745,83.2033242258652,2795.8,2795.8,1330.59,0.22844330601092896,0.22113262750455373,0.2268162568306011,8784,0.2254640634486946
2020,DKI Jakarta,Jakarta Barat,-6.168329,106.75885,Asia/Jakarta,26.89229280510018,83.54348816029145,2666.1,2666.1,1341.21,0.423408014571949,0.418371470856102,0.4179298724954463,8784,0.4199031193078324
2020,DKI Jakarta,Jakarta Selatan,-6.26149,106.8106,Asia/Jakarta,26.73044171220401,83.0129781420765,3028.9,3028.9,1330.94,0.44034892987249546,0.4333292349726776,0.4364993169398907,8784,0.4367258272616879
2020,DKI Jakarta,Jakarta Timur,-6.225,106.900444,Asia/Jakarta,26.899601548269583,82.86054189435337,2899.1,2899.1,1346.79,0.37871322859744994,0.3734938524590164,0.3796226092896175,8784,0.3772765634486946
2020,DKI Jakarta,Jakarta Utara,-6.145138,106.899452,Asia/Jakarta,27.068249089253186,82.57581967213115,2523.0,2523.0,1363.3,0.37871322859744994,0.3734938524590164,0.3796226092896175,8784,0.3772765634486946
2020,DKI Jakarta,Kepulauan Seribu,-5.74583,106.61389,Asia/Jakarta,27.738661202185792,80.19808743169399,2844.2,2844.2,1505.77,,,,8784,
2020,Gorontalo,Boalemo,0.5273,122.3463,Asia/Makassar,26.651730418943533,90.91746357012751,3785.3,3785.3,1287.17,0.3993456284153005,0.39777925774134787,0.3970818533697632,8784,0.3980689131754705
2020,Gorontalo,Bone Bolango,0.5325,123.14694,Asia/Makassar,26.229132513661202,82.98599726775956,2022.5,2022.5,1332.6,0.39918419854280507,0.39897597905282334,0.3989825819672131,8784,0.39904758652094713
2020,Gorontalo,Gorontalo,0.627,122.9778,Asia/Makassar,26.49566256830601,87.14663023679417,2736.7,2736.7,1291.65,0.40163877504553736,0.4021033697632058,0.4035926684881603,8784,0.4024449377656345
2020,Gorontalo,Gorontalo Utara,0.8348,122.915,Asia/Makassar,26.697848360655737,87.46049635701274,2577.7,2577.7,1312.24,0.3964530965391621,0.397207422586521,0.40049669854280506,8784,0.3980524058894961
2020,Gorontalo,Pohuwato,0.4655,121.9386,Asia/Makassar,27.101878415300547,81.49373861566484,1648.2,1648.2,1434.74,0.3830635245901639,0.38004735883424406,0.37614207650273224,8784,0.3797509866423801
2020,Jambi,Batanghari,-1.71327,103.25902,Asia/Jakarta,26.390698998178507,87.09915755919855,2840.5,2840.5,1236.44,0.3913699908925319,0.39115107012750455,0.3901216985428051,8784,0.3908809198542805
2020,Jambi,Kerinci,-1.94667,101.33417,Asia/Jakarta,21.49641393442623,90.35564663023679,4056.3,4056.3,1209.28,0.4131353597449909,0.4142463570127504,0.4151413934426229,8784,0.4141743700667881
2020,Jambi,Merangin,-2.0796,102.2573,Asia/Jakarta,26.05941484517304,85.68590619307832,3370.8,3370.8,1294.1200000000001,0.39327561475409833,0.39437408925318757,0.3885060336976321,8784,0.39205191256830596
2020,Jambi,Muaro Jambi,-1.4772,103.50765,Asia/Jakarta,26.334847449908924,88.57764116575592,2496.1,2496.1,1218.31,0.3969922586520947,0.3971091757741348,0.39812329234972677,8784,0.39740824225865207
2020,Jambi,Tanjung Jabung Timur,-1.13612,103.84987,Asia/Jakarta,26.340414389799637,89.14981785063752,3178.9,3178.9,1206.46,0.47135632969034613,0.47866917122040076,0.4819426229508197,8784,0.47732270795385556
2020,Jawa Barat,Cianjur,-6.82222,107.13944,Asia/Jakarta,23.936566484517304,82.72825591985428,3400.5,3400.5,1309.67,0.35811566484517304,0.3531057604735883,0.3473479052823315,8784,0.35285644353369766
2020,Jawa Barat,Garut,-7.245,107.921,Asia/Jakarta,21.859779143897995,90.66985428051002,3542.4,3542.4,1137.43,0.35178164845173043,0.3437158469945355,0.3458532559198543,8784,0.34711691712204007
2020,Jawa Barat,Indramayu,-6.32639,108.32,Asia/Jakarta,27.904405737704916,76.42440801457195,1921.1,1921.1,1591.15,0.30200239071038254,0.30136828324225867,0.3101920537340619,8784,0.304520909228901
2020,Jawa Barat,Karawang,-6.30525,107.3197,Asia/Jakarta,27.325079690346083,80.32695810564663,2830.8,2830.8,1402.3700000000001,0.35096049635701276,0.3419039162112933,0.35064310109289615,8784,0.3478358378870674
2020,Jawa Barat,Subang,-6.57,107.75667,Asia/Jakarta,26.825136612021858,78.62112932604735,2794.1,2794.1,1425.74,0.3839209927140255,0.3809119990892532,0.39226206739526415,8784,0.385698353066181
2020,Jawa Tengah,Cilacap,-7.72639,109.00944,Asia/Jakarta,26.173224043715848,87.43590619307832,3424.4,3424.4,1283.66,0.2658579234972677,0.26038900273224047,0.24356022313296904,8784,0.25660238312082573
2020,Jawa Tengah,Demak,-6.8909,110.6396,Asia/Jakarta,27.171835154826958,80.67190346083788,2820.8,2820.8,1514.48,0.3647563752276867,0.36289264571949,0.370913820582878,8784,0.3661876138433515
2020,Jawa Tengah,Grobogan,-7.0868,110.9158,Asia/Jakarta,26.97577413479053,80.60724043715847,2682.2,2682.2,1482.59,0.3417800546448087,0.3413200136612022,0.3484955601092896,8784,0.34386520947176685
2020,Jawa Tengah,Pati,-6.7559,111.038,Asia/Jakarta,27.093647540983607,82.11623406193078,2591.8,2591.8,1468.1,0.4021186247723133,0.3976457194899818,0.4086006375227687,8784,0.4027883272616879
2020,Jawa Tengah,Sragen,-7.42639,111.02222,Asia/Jakarta,27.252515938069216,77.9278233151184,2625.8,2625.8,1550.51,0.4037810792349727,0.4094956739526412,0.41752424863387977,8784,0.41026700060716453
2020,Jawa Timur,Bojonegoro,-7.1502,111.8817,Asia/Jakarta,27.3758310564663,78.0950591985428,2521.1,2521.1,1521.73,0.39598838797814206,0.4018668032786885,0.4072745901639344,8784,0.40170992714025494
2020,Jawa Timur,Jember,-8.17211,113.69953,Asia/Jakarta,26.639332877959927,81.11498178506375,2069.6,2069.6,1385.09,0.2668985655737705,0.2576498178506375,0.26032843806921674,8784,0.2616256071645416
2020,Jawa Timur,Lamongan,-7.11667,112.41667,Asia/Jakarta,27.928768214936248,77.09050546448087,2033.2,2033.2,1600.79,0.39003449453551914,0.39172427140255006,0.39186964936247726,8784,0.3912094717668488
2020,Jawa Timur,Ngawi,-7.4038,111.4461,Asia/Jakarta,27.251514116575592,76.91279599271402,2738.8,2738.8,1630.09,0.3910143442622951,0.3968488160291439,0.3992164162112933,8784,0.3956931921675774
2020,Jawa Timur,Tuban,-6.8976,112.0649,Asia/Jakarta,27.04535519125683,80.69376138433516,2428.2,2428.2,1528.98,0.32097962204007285,0.31668214936247724,0.32541211293260475,8784,0.3210246281117183
2020,Kalimantan Barat,Kubu Raya,-0.12694,109.40389,Asia/Pontianak,26.03257058287796,91.60359744990893,3814.8,3814.8,1192.45,0.3981665528233151,0.4022682149362477,0.40129474043715846,8784,0.4005765027322404
2020,Kalimantan Barat,Landak,0.38333,109.95,Asia/Pontianak,25.78664617486339,91.54132513661202,3245.3,3245.3,1196.47,0.3974813296903461,0.40056443533697633,0.4008983378870674,8784,0.3996480343047966
2020,Kalimantan Barat,Mempawah,0.37102,108.97013,Asia/Pontianak,26.293454007285977,89.34107468123861,3205.8,3205.8,1191.71,0.39889025500910746,0.39894831511839707,0.4004071038251366,8784,0.3994152246508804
2020,Kalimantan Barat,Sambas,1.33333,109.25,Asia/Pontianak,25.891404826958105,90.88035063752277,3452.4,3452.4,1139.93,0.2846402550091075,0.28561987704918035,0.2751763433515483,8784,0.2818121584699454
2020,Kalimantan Barat,Sanggau,0.13333,110.6,Asia/Pontianak,25.939537795992713,91.28187613843352,3838.9,3838.9,1172.48,0.40956215846994537,0.4109277094717668,0.41287943989071035,8784,0.41112310261080753
2020,Kalimantan Selatan,Banjar,-3.4109,114.8642,Asia/Makassar,26.602299635701275,85.97313296903461,3531.1,3531.1,1232.11,0.5709264571948999,0.574389344262295,0.568530737704918,8784,0.5712821797207043
2020,Kalimantan Selatan,Barito Kuala,-3.0136,114.7687,Asia/Makassar,26.478699908925318,89.09141621129326,3506.0,3506.0,1211.38,0.3954160974499089,0.39559631147540986,0.3924179189435337,8784,0.39447677595628416
2020,Kalimantan Selatan,Hulu Sungai Selatan,-2.7837,115.2772,Asia/Makassar,25.981500455373407,89.45264116575592,3772.5,3772.5,1213.89,0.41729303278688523,0.41931614298724956,0.41932411202185793,8784,0.41864442926533085
2020,Kalimantan Selatan,Tanah Laut,-3.7987,114.7788,Asia/Makassar,26.14841757741348,87.28233151183971,3579.5,3579.5,1228.72,0.4624148451730419,0.46816803278688524,0.4666820355191257,8784,0.46575497115968423
2020,Kalimantan Selatan,Tapin,-2.9334,115.1621,Asia/Makassar,26.269228142076503,87.4832650273224,3081.8,3081.8,1234.21,0.43512750455373406,0.4404804189435337,0.4395521402550091,8784,0.43838668791742563
2020,Kalimantan Tengah,Barito Timur,-2.1236,115.1958,Asia/Pontianak,26.15905054644809,90.18169398907104,4049.3,4049.3,1224.93,0.5023545081967213,0.5030253870673952,0.5053004326047359,8784,0.5035601092896175
2020,Kalimantan Tengah,Kapuas,-3.0013,114.3916,Asia/Jakarta,26.62011612021858,87.6476548269581,3222.9,3222.9,1220.18,0.4204030054644809,0.4207625227686703,0.4110971083788707,8784,0.4174208788706739
2020,Kalimantan Tengah,Kotawaringin Timur,-2.5315,112.9496,Asia/Pontianak,26.47235883424408,87.84870218579235,4131.3,4131.3,1225.25,0.2867669626593807,0.2857624089253188,0.2770856102003643,8784,0.2832049939283546
2020,Kalimantan Tengah,Pulang Pisau,-2.7671,114.2406,Asia/Pontianak,26.31896630236794,90.62215391621129,3714.1,3714.1,1204.17,0.39590767304189434,0.3974731329690346,0.3970236794171221,8784,0.39680149514268365
2020,Kalimantan Tengah,Seruyan,-3.39228,112.55049,Asia/Pontianak,27.104030054644806,85.44558287795992,3580.7,3580.7,1308.1,0.2878197859744991,0.2855440573770492,0.27246653005464483,8784,0.28194345780206437
2020,Kalimantan Timur,Berau,2.15281,117.49672,Asia/Makassar,26.15693306010929,91.27276867030966,3076.0,3076.0,1240.85,0.40799726775956285,0.4082522768670309,0.40832889344262296,8784,0.40819281268973895
2020,Kalimantan Timur,Kutai Kartanegara,-0.42366,116.98895,Asia/Makassar,26.186327413479056,90.43602003642987,3322.9,3322.9,1236.5,0.40822654826958105,0.4097125455373406,0.4117643442622951,8784,0.4099011460230722
2020,Kalimantan Timur,Kutai Timur,0.5049,117.5279,Asia/Makassar,26.200580601092895,88.93567850637523,3059.5,3059.5,1304.56,0.3976921675774135,0.3982536429872495,0.3979216757741348,8784,0.3979558287795993
2020,Kalimantan Timur,Paser,-1.91013,116.202,Asia/Makassar,26.090687613843354,90.80464480874316,4532.6,4532.6,1220.82,0.40505498633879783,0.405015368852459,0.40342588797814205,8784,0.404498747723133
2020,Kalimantan Timur,Penajam Paser Utara,-1.24919,116.76968,Asia/Makassar,26.664025500910746,88.65061475409836,3270.0,3270.0,1276.95,0.437389116575592,0.4392912112932605,0.44234221311475413,8784,0.4396741803278688
2020,Kalimantan Utara,Bulungan,2.8375,117.36528,Asia/Makassar,26.033344717668488,91.33333333333333,3852.1,3852.1,1211.15,0.4115184426229508,0.4118788706739526,0.4124610655737705,8784,0.4119527929568913
2020,Kalimantan Utara,Malinau,3.58855,116.62391,Asia/Makassar,26.143761384335154,90.658014571949,4824.2,4824.2,1270.6,0.47792065118397087,0.481067281420765,0.48694774590163936,8784,0.4819785595021251
2020,Kalimantan Utara,Nunukan,4.13841,117.6507,Asia/Makassar,26.481386612021858,89.18852459016394,3604.0,3604.0,1297.2,0.45519751821493626,0.4582844945355191,0.46029826958105646,8784,0.45792676077717065
2020,Kalimantan Utara,Tana Tidung,3.60815,116.90668,Asia/Makassar,26.40948315118397,90.05999544626594,4301.9,4301.9,1237.47,0.38905009107468125,0.3910018214936248,0.3912660519125683,8784,0.3904393214936248
2020,Kalimantan Utara,Tarakan,3.31332,117.59152,Asia/Makassar,26.957684426229505,87.48690801457195,3965.4,3965.4,1418.82,0.4009463797814208,0.40171732695810564,0.4022061703096539,8784,0.40162329234972677
2020,Kepulauan Bangka Belitung,Bangka,-1.85442,106.12215,Asia/Jakarta,26.729030054644806,87.05305100182149,2377.9,2377.9,1275.7,0.38226218123861566,0.38231454918032787,0.3772818761384335,8784,0.3806195355191257
2020,Kepulauan Bangka Belitung,Bangka Barat,-2.06719,105.16228,Asia/Jakarta,26.909915755919855,85.97950819672131,2312.2,2312.2,1298.88,0.36882320127504553,0.3655552140255009,0.3641961520947177,8784,0.366191522465088
2020,Kepulauan Bangka Belitung,Bangka Selatan,-3.0,106.5,Asia/Jakarta,26.514663023679415,87.41814663023679,3352.2,3352.2,1235.68,0.2913849043715847,0.289126252276867,0.280944558287796,8784,0.28715190497874926
2020,Kepulauan Bangka Belitung,Belitung,-2.73353,107.63477,Asia/Jakarta,26.841120218579235,86.29064207650273,2479.1,2479.1,1248.92,0.2785654599271402,0.2758329918032787,0.2677365664845173,8784,0.27404500607164545
2020,Kepulauan Bangka Belitung,Belitung Timur,-2.88333,108.26667,Asia/Jakarta,27.158970856102002,84.26479963570128,2448.5,2448.5,1319.04,0.4167282559198543,0.41746903460837886,0.41486851092896176,8784,0.4163552671523983
2020,Kepulauan Riau,Batam,1.14937,104.02491,Asia/Jakarta,27.14502504553734,85.36042805100182,3143.1,3143.1,1290.82,0.2558885473588342,0.2498016848816029,0.23279838342440803,8784,0.2461628718882817
2020,Kepulauan Riau,Bintan,1.1,104.525,Asia/Pontianak,26.857069672131146,85.41837431693989,2686.3,2686.3,1304.7,0.2553693078324226,0.24677584244080147,0.2272266621129326,8784,0.24312393746205227
2020,Kepulauan Riau,Karimun,-6.5194,106.2899,Asia/Jakarta,25.58011156648452,85.12204007285975,3286.1,3286.1,1237.4,0.38630532786885247,0.3841428734061931,0.3789980646630237,8784,0.38314875531268977
2020,Kepulauan Riau,Lingga,-10.5684,121.8988,Asia/Makassar,26.61405965391621,78.67770947176685,1242.5,1242.5,1680.67,0.32788854735883427,0.35801753187613844,0.3711959244080146,8784,0.3523673345476624
2020,Kepulauan Riau,Natuna,3.9384,108.38401,Asia/Jakarta,26.923030510018215,84.95799180327869,1989.2,1989.2,1300.3,0.26902607012750457,0.26468340163934423,0.2531198770491804,8784,0.2622764496053431
2020,Lampung,Lampung Selatan,-5.73805,105.5916,Asia/Jakarta,26.862556921675775,86.15573770491804,2646.3,2646.3,1263.35,0.448904485428051,0.4432383879781421,0.44166757741347906,8784,0.4446034836065574
2020,Lampung,Lampung Tengah,-4.9753,105.21396,Asia/Jakarta,26.261589253187612,86.63592896174863,3297.3,3297.3,1262.2,0.46045138888888887,0.4614373861566485,0.45563228597449906,8784,0.45917368700667877
2020,Lampung,Lampung Timur,-5.06446,105.54869,Asia/Jakarta,26.280601092896173,87.15972222222223,3081.1,3081.1,1235.3,0.45491746357012747,0.4541445810564663,0.45039947632058286,8784,0.45315384031572553
2020,Lampung,Lampung Utara,-4.82505,104.8817,Asia/Jakarta,26.1525956284153,87.85018214936248,3401.7,3401.7,1261.11,0.45612215391621125,0.4578861566484517,0.46185496357012745,8784,0.4586210913782635
2020,Lampung,Tulang Bawang,-4.47131,105.25214,Asia/Jakarta,26.591826047358836,86.53062386156648,2978.4,2978.4,1257.82,0.42958822859744994,0.4316540300546448,0.42972347449908926,8784,0.43032191105039463
2020,Maluku,Buru,-3.26194,127.09292,Asia/Jayapura,26.631454918032787,85.75159380692168,1972.1,1972.1,1404.17,0.3306161202185792,0.32787818761384335,0.31883014571949,8784,0.3257748178506375
2020,Maluku,Maluku Tengah,-3.29833,128.96883,Asia/Jayapura,26.389275956284152,85.76411657559198,2411.4,2411.4,1261.74,0.33638456284153007,0.3375442850637523,0.3329623178506375,8784,0.33563038858530664
2020,Maluku,Maluku Tenggara,-5.66689,132.73763,Asia/Jayapura,26.876707650273225,85.37989526411657,2686.9,2686.9,1361.57,0.2585351775956284,0.25241530054644806,0.23327083333333332,8784,0.24807377049180324
2020,Maluku,Seram Bagian Barat,-3.0618,128.1945,Asia/Jayapura,26.485951730418943,86.89401183970855,2532.4,2532.4,1292.38,0.402274704007286,0.4021124772313297,0.40080418943533697,8784,0.40173045689131753
2020,Maluku,Seram Bagian Timur,-3.1112,130.4954,Asia/Jayapura,25.934118852459015,85.37818761384335,2261.5,2261.5,1367.72,0.2783146630236794,0.27491780510018216,0.26968123861566484,8784,0.2743045689131755
2020,Maluku Utara,Halmahera Barat,1.06504,127.46786,Asia/Jayapura,26.08091985428051,89.15152550091075,4004.3,4004.3,1290.71,0.38282946265938067,0.38002925774134794,0.37654348816029143,8784,0.37980073618700666
2020,Maluku Utara,Halmahera Selatan,-0.62546,127.47808,Asia/Jayapura,26.53838797814208,91.90551001821494,5048.2,5048.2,1264.51,0.41592588797814206,0.41177550091074683,0.4020101320582878,8784,0.4099038403157256
2020,Maluku Utara,Halmahera Timur,0.7007,128.29198,Asia/Jayapura,26.26311475409836,88.23212659380692,3225.4,3225.4,1302.41,0.404191029143898,0.40355396174863384,0.40377322404371585,8784,0.40383940497874926
2020,Maluku Utara,Halmahera Utara,1.72837,128.00948,Asia/Jayapura,26.769615209471766,88.75728597449908,4303.3,4303.3,1381.45,0.3653358378870674,0.36328369763205826,0.36234619763205833,8784,0.363655244383728
2020,Maluku Utara,Tidore Kepulauan,0.65277,127.44533,Asia/Jayapura,26.710997267759563,85.73110200364299,2790.5,2790.5,1402.88,0.3775834471766849,0.3734271402550091,0.3677677595628415,8784,0.3729261156648452
2020,Nusa Tenggara Barat,Bima,-8.46006,118.72667,Asia/Makassar,27.213319672131146,83.04474043715847,2010.7,2010.7,1459.67,0.33507775500910747,0.3461028005464481,0.3551600637522769,8784,0.3454468731026108
2020,Nusa Tenggara Barat,Dompu,-8.5365,118.4634,Asia/Makassar,26.579872495446267,83.87727686703097,1732.5,1732.5,1439.13,0.3354373861566485,0.33972370218579234,0.3429060792349727,8784,0.33935572252580454
2020,Nusa Tenggara Barat,Lombok Tengah,-8.70536,116.27036,Asia/Makassar,26.023576958105647,83.66780510018215,1781.3,1781.3,1464.83,0.3851040528233151,0.38629940801457197,0.39446971766848815,8784,0.3886243928354584
2020,Nusa Tenggara Barat,Lombok Timur,-8.6503,116.5318,Asia/Makassar,25.66399134790528,81.48804644808743,1955.0,1955.0,1465.85,0.38803711293260473,0.3814460382513661,0.39805555555555555,8784,0.38917956891317546
2020,Nusa Tenggara Barat,Sumbawa,-8.49317,117.42024,Asia/Makassar,27.66316029143898,75.09631147540983,1326.5,1326.5,1726.31,0.2624509335154827,0.26180692167577413,0.26165835610200366,8784,0.26197207043108683
2020,Nusa Tenggara Timur,Belu,-9.10611,124.8925,Asia/Makassar,25.470480418943534,75.13923041894354,1993.8,1993.8,1631.2,0.27814754098360656,0.2796822632058288,0.2897537568306011,8784,0.2825278536733455
2020,Nusa Tenggara Timur,Kupang,-10.0642,123.8787,Asia/Makassar,27.2411543715847,74.3816029143898,824.6,824.6,1757.9,0.23335223132969035,0.215293602003643,0.1799214480874317,8784,0.209522427140255
2020,Nusa Tenggara Timur,Manggarai,-8.61139,120.46444,Asia/Makassar,19.94841757741348,88.58822859744991,2167.1,2167.1,1217.71,0.3148809198542805,0.3105983606557377,0.3057485200364299,8784,0.31040926684881603
2020,Nusa Tenggara Timur,Sumba Timur,-9.6567,120.2641,Asia/Makassar,26.735200364298723,77.92964480874316,1306.5,1306.5,1661.46,0.2700516848816029,0.2751542577413479,0.281755806010929,8784,0.27565391621129326
2020,Nusa Tenggara Timur,Timor Tengah Selatan,-9.86071,124.28395,Asia/Makassar,22.173952641165755,76.97609289617486,1239.1,1239.1,1561.26,0.2598098816029144,0.2527213114754098,0.2395873178506375,8784,0.2507061703096539
2020,Papua,Biak Numfor,-1.1767,136.082,Asia/Jayapura,26.5195810564663,90.47119763205829,4187.9,4187.9,1262.3700000000001,0.4029614071038251,0.4045237932604736,0.40578483606557375,8784,0.4044233454766242
2020,Papua,Jayapura,-2.5691,140.5127,Asia/Jayapura,26.50827641165756,89.80976775956285,4525.2,4525.2,1245.74,0.3467077641165756,0.3455442850637523,0.33641165755919855,8784,0.3428879022465088
2020,Papua,Keerom,-2.9028,140.7657,Asia/Jayapura,26.144000455373405,90.28472222222223,5006.3,5006.3,1251.08,0.4740678506375227,0.47872700364298726,0.4823385701275046,8784,0.47837780813600483
2020,Papua,Kota Jayapura,-2.53371,140.71812,Asia/Jayapura,26.98431238615665,90.05350637522768,6608.0,6608.0,1287.31,0.5809537795992714,0.5839663023679417,0.581114640255009,8784,0.582011574074074
2020,Papua,Sarmi,-1.85302,138.75093,Asia/Jayapura,26.447540983606558,90.40414389799636,4444.4,4444.4,1292.57,0.45177857468123866,0.45164071038251363,0.45033333333333336,8784,0.45125087279902854
2020,Papua Barat,Fakfak,-2.92481,132.29813,Asia/Jayapura,26.21519808743169,90.35371129326047,2825.8,2825.8,1196.15,0.40349112021857925,0.40406147540983606,0.40108595173041894,8784,0.4028795157862781
2020,Papua Barat,Kaimana,-3.6635,133.7649,Asia/Jayapura,26.41617714025501,89.16814663023679,2135.2,2135.2,1262.17,0.40761668943533697,0.40795275500910744,0.4079172358834244,8784,0.4078288934426229
2020,Papua Barat,Manokwari,-0.86291,134.06403,Asia/Jayapura,26.367839253187615,86.79109744990893,3271.7,3271.7,1341.04,0.4764817850637523,0.4786445810564663,0.47758390255009103,8784,0.47757008955676983
2020,Papua Barat,Manokwari Selatan,-1.5083,134.1708,Asia/Jayapura,26.580248178506373,86.69683515482696,2900.3,2900.3,1312.13,0.41001275045537344,0.41055225409836066,0.4111157786885246,8784,0.4105602610807529
2020,Papua Barat,Teluk Bintuni,-2.10967,133.52461,Asia/Jayapura,25.634460382513662,90.76377504553734,3856.0,3856.0,1243.14,0.4479278233151184,0.4509511612021858,0.455040072859745,8784,0.4513063524590164
2020,Papua Barat Daya,Maybrat,-1.25667,132.49973,Asia/Jayapura,23.697381602914387,91.11111111111111,5744.4,5744.4,1226.41,0.4715946038251366,0.47975284608378876,0.48060883424408013,8784,0.4773187613843352
2020,Papua Barat Daya,Raja Ampat,-0.2379,130.5072,Asia/Jayapura,25.486065573770492,91.1643897996357,4558.7,4558.7,1270.72,0.4220684198542805,0.4228203551912568,0.4253837659380692,8784,0.4234241803278689
2020,Papua Barat Daya,Sorong,-0.95698,131.33534,Asia/Jayapura,25.65711520947177,90.4837204007286,4701.1,4701.1,1258.16,0.372770150273224,0.37302333788706743,0.3725031876138434,8784,0.3727655585913783
2020,Papua Barat Daya,Sorong Selatan,-1.4416,132.01428,Asia/Jayapura,25.888365209471765,90.28688524590164,4880.7,4880.7,1255.89,0.40658504098360654,0.4078107923497268,0.4069428506375227,8784,0.407112894656952
2020,Papua Barat Daya,Tambrauw,-0.80889,132.43222,Asia/Jayapura,23.904530965391622,90.90175318761385,5601.0,5601.0,1247.66,0.411135587431694,0.41263649817850634,0.41416518670309654,8784,0.4126457574377656
2020,Papua Pegunungan,Jayawijaya,-4.09583,138.94806,Asia/Jayapura,18.29170081967213,80.96561930783243,3234.9,3234.9,1185.66,0.4155820810564663,0.4170712659380692,0.4172062841530054,8784,0.4166198770491803
2020,Papua Pegunungan,Lanny Jaya,-3.92361,138.45473,Asia/Jayapura,16.177823315118395,87.55441712204008,3120.7,3120.7,1230.88,0.4145939207650273,0.4159997723132969,0.41799089253187616,8784,0.4161948618700668
2020,Papua Pegunungan,Mamberamo Tengah,-3.66417,139.065,Asia/Jayapura,21.300979052823315,92.66939890710383,5868.9,5868.9,1181.06,0.41285792349726774,0.41353506375227683,0.4151668943533698,8784,0.4138532938676381
2020,Papua Pegunungan,Tolikara,-3.6994,138.4579,Asia/Jayapura,17.378859289617484,86.48485883424408,4174.3,4174.3,1119.83,0.42087295081967213,0.4221107695810565,0.4234946493624772,8784,0.4221594565877353
2020,Papua Pegunungan,Yahukimo,-4.85614,139.48105,Asia/Jayapura,25.172324681238617,92.73804644808743,11048.3,11048.3,1065.4,0.4770675091074681,0.48237363387978144,0.48283959471766846,8784,0.48076024590163935
2020,Papua Selatan,Asmat,-5.54505,138.13522,Asia/Jayapura,26.284471766848814,90.30122950819673,4113.2,4113.2,1179.72,0.4045200364298725,0.4069678961748634,0.4075527094717668,8784,0.40634688069216757
2020,Papua Selatan,Boven Digoel,-6.09756,140.30649,Asia/Jayapura,26.041575591985428,89.09266848816029,4468.6,4468.6,1145.55,0.4739162112932605,0.47883060109289616,0.4782284836065574,8784,0.47699176533090465
2020,Papua Selatan,Mappi,-6.52461,139.32224,Asia/Jayapura,26.307673041894354,88.19421675774134,3119.6,3119.6,1180.25,0.5644277094717669,0.5685484972677596,0.566840733151184,8784,0.5666056466302368
2020,Papua Selatan,Merauke,-8.49958,140.40613,Asia/Jayapura,26.69396630236794,82.76286429872495,2035.1,2035.1,1449.19,0.4971363843351548,0.4908528005464481,0.49843408469945355,8784,0.49547442319368545
2020,Papua Tengah,Deiyai,-3.96667,136.26666,Asia/Jayapura,17.95629553734062,91.54918032786885,4990.0,4990.0,1027.43,0.4165777550091075,0.4202540983606557,0.41661316029143897,8784,0.41781500455373405
2020,Papua Tengah,Dogiyai,-3.96139,135.9436,Asia/Jayapura,18.383595173041893,91.02504553734062,3817.4,3817.4,1055.69,0.4191563069216757,0.4203342440801457,0.42127607012750456,8784,0.420255540376442
2020,Papua Tengah,Mimika,-4.61407,136.67679,Asia/Jayapura,25.485883424408016,92.87750455373406,5944.0,5944.0,1066.8,0.40776684881602915,0.40942315573770494,0.40450626138433515,8784,0.40723208864602306
2020,Papua Tengah,Nabire,-3.35989,135.50073,Asia/Jayapura,26.438740892531875,88.88945810564663,3304.8,3304.8,1233.17,0.40570913023679417,0.4061533469945355,0.4077559198542805,8784,0.40653946569520344
2020,Papua Tengah,Paniai,-3.93032,136.37651,Asia/Jayapura,17.047040072859748,92.13194444444444,4851.4,4851.4,977.7,0.3970301684881603,0.4040043260473588,0.4056193078324226,8784,0.4022179341226472
2020,Riau,Indragiri Hilir,-0.3227,103.1603,Asia/Jakarta,26.457001366120217,89.72893897996357,2903.5,2903.5,1188.59,0.403204121129326,0.4039176912568306,0.4041880692167577,8784,0.40376996053430475
2020,Riau,Kampar,0.33833,101.02361,Asia/Jakarta,26.036122495446264,88.39310109289617,2914.0,2914.0,1225.5,0.4653858151183971,0.4706977459016394,0.4724940801457195,8784,0.4695258803885853
2020,Riau,Rokan Hilir,2.15668,100.80763,Asia/Jakarta,26.617156193078326,88.73041894353369,3518.6,3518.6,1246.77,0.3417215391621129,0.33920366575591987,0.33144797358834244,8784,0.3374577261687917
2020,Riau,Rokan Hulu,0.86459,100.29547,Asia/Jakarta,25.859346539162114,89.15300546448087,2822.3,2822.3,1234.0,0.4711994535519125,0.4740582877959927,0.47862534153005465,8784,0.4746276942926533
2020,Riau,Siak,0.79317,102.0511,Asia/Jakarta,26.325739981785063,89.61896630236794,2948.7,2948.7,1173.86,0.38504485428051,0.3843408469945355,0.3729616347905282,8784,0.3807824453551913
2020,Sulawesi Barat,Majene,-3.5403,118.9707,Asia/Makassar,27.247700364298723,82.91757741347905,1711.3,1711.3,1442.7,0.3580524817850637,0.34951753187613843,0.3246967213114754,8784,0.3440889116575592
2020,Sulawesi Barat,Mamasa,-2.942,119.3776,Asia/Makassar,19.85856102003643,90.61851092896175,4186.3,4186.3,1116.15,0.4318655510018215,0.4356352459016393,0.43553825136612023,8784,0.43434634942319367
2020,Sulawesi Barat,Mamuju,-2.68056,118.88611,Asia/Makassar,27.011099726775956,86.19808743169399,2386.7,2386.7,1368.95,0.4137584244080145,0.41442167577413475,0.41447438524590163,8784,0.41421816180935034
2020,Sulawesi Barat,Mamuju Tengah,-2.08944,119.34722,Asia/Makassar,25.98648679417122,91.13877504553734,4796.0,4796.0,1313.27,0.40541951275045535,0.4052860883424408,0.406300660291439,8784,0.40566875379477835
2020,Sulawesi Barat,Polewali Mandar,-3.4324,119.3435,Asia/Makassar,26.831318306010928,86.16541438979964,2448.9,2448.9,1350.07,0.40568693078324225,0.40533094262295083,0.40612887067395265,8784,0.40571558136004854
2020,Sulawesi Selatan,Bone,-4.5386,120.3279,Asia/Makassar,26.63078324225865,84.93943533697632,3607.0,3607.0,1427.15,0.42701423041894354,0.4224877049180328,0.39892087887067396,8784,0.41614093806921676
2020,Sulawesi Selatan,Gowa,-5.1971,119.451,Asia/Makassar,27.10905054644809,83.20503187613843,2642.4,2642.4,1420.54,0.4368398224043716,0.4357264344262295,0.43275170765027327,8784,0.43510598816029145
2020,Sulawesi Selatan,Pinrang,-3.78611,119.65222,Asia/Makassar,26.477584244080145,84.48155737704919,3135.1,3135.1,1386.75,0.3463447176684882,0.3415114981785064,0.32562386156648454,8784,0.3378266924711597
2020,Sulawesi Selatan,Sidenreng Rappang,-3.9258194,119.7953,Asia/Makassar,26.73594034608379,83.71561930783243,2132.4,2132.4,1435.29,0.42650535063752276,0.4266092896174863,0.4226815801457195,8784,0.42526540680024283
2020,Sulawesi Selatan,Wajo,-4.1279,120.0297,Asia/Makassar,27.19419398907104,82.13592896174863,2375.4,2375.4,1426.98,0.3366765710382514,0.3266502732240437,0.3038805783242258,8784,0.32240247419550694
2020,Sulawesi Tengah,Banggai,-0.9516,122.7875,Asia/Makassar,26.774134790528233,89.92748178506375,3669.0,3669.0,1376.54,0.36733424408014576,0.3589945355191257,0.33773941256830603,8784,0.3546893973891925
2020,Sulawesi Tengah,Donggala,-0.6723,119.7402,Asia/Makassar,27.544467213114753,83.55339253187614,1715.4,1715.4,1374.79,0.47344205373406195,0.47888456284153,0.4714627732240437,8784,0.4745964632665452
2020,Sulawesi Tengah,Parigi Moutong,-7.7015,108.496,Asia/Jakarta,25.741552823315118,88.32650273224044,3392.4,3392.4,1149.92,0.39593021402550094,0.3933277550091075,0.3832018442622951,8784,0.3908199377656345
2020,Sulawesi Tengah,Poso,-1.3959,120.7524,Asia/Makassar,26.0429189435337,85.79872495446266,4753.7,4753.7,1254.29,0.41047814207650274,0.41094387522768666,0.4120626138433515,8784,0.41116154371584696
2020,Sulawesi Tengah,Sigi,-0.94982,119.91805,Asia/Makassar,26.3594262295082,88.58276411657559,3913.2,3913.2,1341.84,0.40360985883424405,0.40490129781420764,0.40213433515482694,8784,0.4035484972677596
2020,Sulawesi Tenggara,Bombana,-4.62767,122.00472,Asia/Makassar,26.065129781420765,87.20537340619308,2719.6,2719.6,1398.21,0.28922415755919856,0.2840777550091075,0.2731742941712204,8784,0.28215873557984217
2020,Sulawesi Tenggara,Kolaka Timur,-3.9613,122.2861,Asia/Makassar,25.601445810564663,90.00421220400729,2838.4,2838.4,1271.32,0.40159198542805097,0.40194774590163934,0.39592087887067395,8784,0.3998202034001214
2020,Sulawesi Tenggara,Konawe,-3.8539,122.042,Asia/Makassar,25.436612021857925,89.74965846994536,3518.1,3518.1,1275.08,0.37109938524590164,0.3734195127504554,0.36430054644808746,8784,0.3696064814814815
2020,Sulawesi Tenggara,Konawe Selatan,-4.3273,122.2522,Asia/Makassar,26.043408469945355,86.5453096539162,2451.5,2451.5,1317.45,0.38667030965391624,0.3860854963570127,0.3734840619307832,8784,0.38207995598057076
2020,Sulawesi Tenggara,Muna,-4.838,122.7209,Asia/Makassar,26.793271857923497,84.2566029143898,2229.5,2229.5,1369.06,0.3522349726775956,0.3427461293260473,0.3334615209471767,8784,0.3428142076502732
2020,Sulawesi Utara,Bolaang Mongondow,0.8755,124.0098,Asia/Makassar,26.36516393442623,87.98565573770492,3876.8,3876.8,1342.3,0.3398514344262295,0.33856284153005467,0.333968237704918,8784,0.3374608378870674
2020,Sulawesi Utara,Bolaang Mongondow Utara,0.9083,123.2679,Asia/Makassar,26.22193761384335,88.5785519125683,4314.9,4314.9,1307.63,0.40276821493624776,0.4022851775956284,0.4029960154826958,8784,0.4026831360048573
2020,Sulawesi Utara,Minahasa,1.3054,124.91261,Asia/Makassar,22.166609744990893,91.15072859744991,2842.4,2842.4,1147.96,0.4625573770491803,0.470933970856102,0.47417190346083793,8784,0.46922108378870675
2020,Sulawesi Utara,Minahasa Selatan,-1.1825,124.573,Asia/Makassar,27.64236111111111,80.53699908925319,2322.4,2322.4,1549.01,,,,8784,
2020,Sulawesi Utara,Minahasa Utara,1.42804,124.97774,Asia/Makassar,24.811999089253188,91.40573770491804,3292.4,3292.4,1231.0,0.27781284153005464,0.27400387067395265,0.26973576958105644,8784,0.2738508272616879
2020,Sumatera Barat,Agam,-0.32545,100.06462,Asia/Jakarta,25.774772313296904,88.404485428051,6178.3,6178.3,1192.39,0.3901531193078324,0.3900698998178506,0.3862093579234973,8784,0.38881079234972676
2020,Sumatera Barat,Lima Puluh Kota,-0.1503,100.664,Asia/Jakarta,23.49702868852459,88.81557377049181,2304.0,2304.0,1174.9,0.3910129781420765,0.3908272996357013,0.38458310564663023,8784,0.3888077944748027
2020,Sumatera Barat,Pasaman Barat,0.09703,99.82339,Asia/Jakarta,25.259346539162113,88.93078324225866,4891.1,4891.1,1198.6200000000001,0.4612990664845173,0.4656948998178506,0.46217805100182147,8784,0.4630573391013964
2020,Sumatera Barat,Solok,-0.95221,100.621,Asia/Jakarta,20.873531420765026,88.91450364298726,4013.6,4013.6,1082.46,0.42663991347905283,0.42828847905282336,0.42358583788706744,8784,0.4261714101396479
2020,Sumatera Barat,Tanah Datar,-0.4606,100.6107,Asia/Jakarta,24.125967668488162,85.88809198542805,2540.0,2540.0,1215.85,0.3915315346083789,0.39130840163934427,0.38379212204007285,8784,0.38887735276259866
2020,Sumatera Selatan,Banyuasin,-2.8812,104.3943,Asia/Jakarta,26.522632058287794,86.757058287796,2827.0,2827.0,1247.23,0.43573132969034606,0.4378811475409836,0.4374544626593807,8784,0.4370223132969035
2020,Sumatera Selatan,Muara Enim,-3.6486,103.771,Asia/Jakarta,26.45891393442623,85.00580601092896,3386.2,3386.2,1313.24,0.45270708105646634,0.45653756830601094,0.4579710837887067,8784,0.45573857771706133
2020,Sumatera Selatan,Musi Banyuasin,-2.8819,103.8344,Asia/Jakarta,26.408060109289618,88.29826958105646,3622.6,3622.6,1251.51,0.4469801912568306,0.4517564890710382,0.45585063752276866,8784,0.45152910595021245
2020,Sumatera Selatan,Ogan Komering Ilir,-3.392,104.8306,Asia/Jakarta,26.33933287795993,88.65869763205829,2984.0,2984.0,1214.48,0.39336008652094717,0.39249806466302367,0.3882412340619308,8784,0.3913664617486339
2020,Sumatera Selatan,Ogan Komering Ulu Timur,-3.4109,114.8642,Asia/Makassar,26.602299635701275,85.97313296903461,3531.1,3531.1,1232.11,0.5709264571948999,0.574389344262295,0.568530737704918,8784,0.5712821797207043
2020,Sumatera Utara,Deli Serdang,3.5592,98.8733,Asia/Jakarta,26.06198770491803,90.43271857923497,3806.1,3806.1,1247.97,0.3787764116575592,0.3752776639344262,0.377616689435337,8784,0.3772235883424408
2020,Sumatera Utara,Langkat,3.73335,98.45025,Asia/Jakarta,26.283219489981782,89.94045992714025,4001.1,4001.1,1242.24,0.3775551001821494,0.3716078096539162,0.3599697176684882,8784,0.3697108758348513
2020,Sumatera Utara,Mandailing Natal,0.8651,99.5528,Asia/Jakarta,25.24242941712204,88.31682604735883,3208.6,3208.6,1266.29,0.3984466074681238,0.3986886384335155,0.40135928961748635,8784,0.3994981785063752
2020,Sumatera Utara,Serdang Bedagai,3.4845,99.1366,Asia/Jakarta,26.162647996357013,89.91427595628416,3310.0,3310.0,1240.3,0.4841565346083789,0.4834306693989071,0.49363627049180325,8784,0.48707449149969645
2020,Sumatera Utara,Simalungun,2.9658,98.8473,Asia/Jakarta,20.62044626593807,91.02914389799636,3797.6,3797.6,1112.56,0.39600933515482695,0.39552140255009105,0.38854041438979964,8784,0.3933570506982392
2021,Aceh,Aceh Besar,5.187659,95.715548,Asia/Jakarta,23.237317351598172,86.53481735159818,3882.0,3882.0,1199.26,0.38583801369863013,0.3875148401826484,0.3936061643835616,8760,0.38898633942161337
2021,Aceh,Aceh Timur,4.94952,97.77267,Asia/Jakarta,26.73634703196347,83.02876712328766,2253.2,2253.2,1349.36,0.3677535388127854,0.36197214611872147,0.3609384703196347,8760,0.3635547184170472
2021,Aceh,Aceh Utara,5.051701,97.318123,Asia/Jakarta,26.081689497716894,87.53698630136986,2765.7,2765.7,1270.23,0.3548428082191781,0.3471865296803653,0.34743230593607305,8760,0.34982054794520545
2021,Aceh,Bireuen,5.203,96.701,Asia/Jakarta,25.748915525114157,86.83150684931506,2995.6,2995.6,1311.72,0.38264680365296805,0.3812759132420091,0.38706940639269405,8760,0.3836640410958904
2021,Aceh,Pidie,5.3807,95.9549,Asia/Jakarta,26.438230593607305,84.30810502283104,2326.7,2326.7,1356.99,0.3118651826484018,0.31093424657534247,0.311175,8760,0.31132480974124804
2021,Bali,Badung,-8.54389,115.17,Asia/Makassar,25.236849315068493,87.06381278538812,3093.0,3093.0,1339.64,0.33316609589041096,0.32426872146118724,0.32980924657534244,8760,0.32908135464231353
2021,Bali,Buleleng,-8.112,115.08818,Asia/Makassar,26.451381278538815,84.86575342465754,2613.8,2613.8,1393.07,0.24554406392694061,0.2397900684931507,0.22566518264840182,8760,0.2369997716894977
2021,Bali,Gianyar,-8.5435,115.3272,Asia/Makassar,25.48260273972603,85.57123287671233,2361.4,2361.4,1368.23,0.23643664383561644,0.22053219178082192,0.20553710045662102,8760,0.22083531202435314
2021,Bali,Karangasem,-8.45,115.61667,Asia/Makassar,25.098767123287672,86.45262557077625,2515.6,2515.6,1341.79,0.20636358447488584,0.1883566210045662,0.1869982876712329,8760,0.19390616438356165
2021,Bali,Tabanan,-8.5413,115.12522,Asia/Makassar,25.236849315068493,87.06381278538812,3093.0,3093.0,1339.4,0.33214189497716895,0.3201221461187215,0.3202246575342466,8760,0.324162899543379
2021,Banten,Cilegon,-6.0144,106.0542,Asia/Jakarta,26.733664383561642,82.44988584474886,1766.7,1766.7,1412.1,0.38117123287671234,0.37890125570776256,0.3760310502283105,8760,0.3787011796042618
2021,Banten,Lebak,-6.3591,106.2494,Asia/Jakarta,26.162819634703194,85.91552511415524,2704.8,2704.8,1301.16,0.37611073059360733,0.3737990867579909,0.3701583333333333,8760,0.3733560502283105
2021,Banten,Pandeglang,-6.3084,106.1067,Asia/Jakarta,25.020913242009133,85.45707762557078,2512.6,2512.6,1219.36,0.43587477168949773,0.43039840182648403,0.42044075342465753,8760,0.42890464231354647
2021,Banten,Serang,-6.125,106.23278,Asia/Jakarta,26.489851598173516,85.02260273972603,2753.6,2753.6,1323.85,0.3795429223744292,0.3769942922374429,0.37299600456621007,8760,0.37651107305936077
2021,Banten,Tangerang,-6.22806,106.51389,Asia/Jakarta,26.360045662100458,84.87557077625571,2965.8,2965.8,1304.31,0.37477511415525117,0.3740565068493151,0.3726381278538813,8760,0.3738232496194825
2021,Bengkulu,Bengkulu Selatan,-4.4651,102.90386,Asia/Jakarta,25.837305936073058,87.68481735159817,4282.5,4282.5,1269.44,0.39414531963470323,0.39266324200913244,0.39231415525114155,8760,0.39304090563165905
2021,Bengkulu,Kaur,-4.79371,103.34836,Asia/Jakarta,26.167146118721462,84.67865296803653,3082.7,3082.7,1330.74,0.3832071917808219,0.38190958904109584,0.38145947488584475,8760,0.38219208523592085
2021,Bengkulu,Mukomuko,-2.5689,101.1118,Asia/Jakarta,26.010011415525117,87.76986301369863,4098.1,4098.1,1270.45,0.3800043378995434,0.3793010273972603,0.379772602739726,8760,0.37969265601217655
2021,Bengkulu,Rejang Lebong,-3.4703,102.5207,Asia/Jakarta,22.33673515981735,91.26335616438357,4171.3,4171.3,1194.01,0.40085787671232875,0.4032835616438356,0.4018230593607306,8760,0.4019881659056317
2021,Bengkulu,Seluma,-4.07543,102.57739,Asia/Jakarta,26.083230593607308,86.57214611872146,3868.3,3868.3,1294.53,0.3995313926940639,0.3994550228310502,0.4001639269406393,8760,0.3997167808219178
2021,DI Yogyakarta,Bantul,-7.88806,110.32889,Asia/Jakarta,25.738230593607305,84.36837899543379,2716.5,2716.5,1330.23,0.30424965753424654,0.2926197488584475,0.29291278538812787,8760,0.29659406392694065
2021,DI Yogyakarta,Gunungkidul,-7.96556,110.60361,Asia/Jakarta,25.04777397260274,84.9154109589041,2790.4,2790.4,1315.63,0.37855011415525114,0.37354874429223744,0.39033150684931506,8760,0.3808101217656012
2021,DI Yogyakarta,Kulon Progo,-7.85722,110.15694,Asia/Jakarta,26.137842465753426,85.52659817351598,3211.5,3211.5,1298.99,0.3275479452054795,0.3156865296803653,0.315475799086758,8760,0.31957009132420094
2021,DI Yogyakarta,Sleman,-7.71556,110.35556,Asia/Jakarta,24.89238584474886,84.43938356164384,3334.8,3334.8,1249.8700000000001,0.2363373287671233,0.2263045662100457,0.21578093607305937,8760,0.22614094368340945
2021,DI Yogyakarta,Yogyakarta,-7.80139,110.36472,Asia/Jakarta,25.79423515981735,83.48105022831051,2824.6,2824.6,1317.98,0.2325656392694064,0.22183789954337899,0.21805011415525113,8760,0.22415121765601217
2021,DKI Jakarta,Jakarta Barat,-6.168329,106.75885,Asia/Jakarta,26.634828767123288,83.67853881278539,2555.1,2555.1,1338.81,0.4379280821917808,0.4391461187214612,0.44079109589041093,8760,0.4392884322678843
2021,DKI Jakarta,Jakarta Selatan,-6.26149,106.8106,Asia/Jakarta,26.378584474885844,83.7904109589041,2828.7,2828.7,1321.01,0.45409600456621,0.45668595890410957,0.45901164383561643,8760,0.4565978691019787
2021,DKI Jakarta,Jakarta Timur,-6.225,106.900444,Asia/Jakarta,26.558698630136988,83.50502283105023,2676.5,2676.5,1332.23,0.40019246575342465,0.4012139269406393,0.3994171232876712,8760,0.4002745053272451
2021,DKI Jakarta,Jakarta Utara,-6.145138,106.899452,Asia/Jakarta,26.77,82.98367579908675,2391.4,2391.4,1350.53,0.40019246575342465,0.4012139269406393,0.3994171232876712,8760,0.4002745053272451
2021,DKI Jakarta,Kepulauan Seribu,-5.74583,106.61389,Asia/Jakarta,27.568333333333335,79.68538812785388,2437.3,2437.3,1511.81,,,,8760,
2021,Gorontalo,Boalemo,0.5273,122.3463,Asia/Makassar,26.58085616438356,90.8236301369863,3708.7,3708.7,1280.48,0.40718162100456623,0.40635159817351596,0.4044785388127854,8760,0.4060039193302892
2021,Gorontalo,Bone Bolango,0.5325,123.14694,Asia/Makassar,26.21648401826484,81.4420091324201,1502.0,1502.0,1347.52,0.4049753424657534,0.4051542237442922,0.404635502283105,8760,0.40492168949771684
2021,Gorontalo,Gorontalo,0.627,122.9778,Asia/Makassar,26.299680365296805,87.98812785388128,2974.3,2974.3,1275.03,0.4070961187214612,0.40776769406392693,0.4079146118721461,8760,0.40759280821917804
2021,Gorontalo,Gorontalo Utara,0.8348,122.915,Asia/Makassar,26.511826484018265,88.37945205479453,2823.7,2823.7,1269.11,0.40151963470319635,0.4021244292237443,0.40324018264840183,8760,0.40229474885844746
2021,Gorontalo,Pohuwato,0.4655,121.9386,Asia/Makassar,27.130399543378996,80.25821917808219,1432.4,1432.4,1445.44,0.3816205479452055,0.3765312785388128,0.369084703196347,8760,0.37574550989345507
2021,Jambi,Batanghari,-1.71327,103.25902,Asia/Jakarta,26.17972602739726,87.04760273972603,2882.9,2882.9,1264.05,0.39901598173515984,0.39937522831050226,0.3998980593607306,8760,0.3994297564687976
2021,Jambi,Kerinci,-1.94667,101.33417,Asia/Jakarta,21.144920091324202,90.10490867579908,3270.4,3270.4,1225.29,0.412477397260274,0.4132170091324201,0.41371883561643835,8760,0.4131377473363775
2021,Jambi,Merangin,-2.0796,102.2573,Asia/Jakarta,25.796495433789953,85.6154109589041,3183.0,3183.0,1319.27,0.3951219178082192,0.39611712328767124,0.39226073059360733,8760,0.3944999238964993
2021,Jambi,Muaro Jambi,-1.4772,103.50765,Asia/Jakarta,26.18238584474886,88.08013698630137,2633.2,2633.2,1261.38,0.40056426940639267,0.40096655251141555,0.4013853881278539,8760,0.40097207001522067
2021,Jambi,Tanjung Jabung Timur,-1.13612,103.84987,Asia/Jakarta,26.183538812785386,88.475,3222.2,3222.2,1255.6,0.47001267123287666,0.4745972602739726,0.4781174657534247,8760,0.4742424657534246
2021,Jawa Barat,Cianjur,-6.82222,107.13944,Asia/Jakarta,23.531666666666666,83.75125570776255,3834.4,3834.4,1301.22,0.35786826484018264,0.35283390410958904,0.342239497716895,8760,0.3509805555555556
2021,Jawa Barat,Garut,-7.245,107.921,Asia/Jakarta,21.669851598173516,90.03926940639269,2963.4,2963.4,1159.24,0.3651167808219178,0.3625344748858448,0.35890525114155253,8760,0.36218550228310503
2021,Jawa Barat,Indramayu,-6.32639,108.32,Asia/Jakarta,27.516769406392694,77.6736301369863,1960.3,1960.3,1540.66,0.31423801369863014,0.30987214611872144,0.32164714611872147,8760,0.31525243531202435
2021,Jawa Barat,Karawang,-6.30525,107.3197,Asia/Jakarta,26.90442922374429,81.40753424657534,2729.4,2729.4,1366.05,0.36981883561643836,0.3654289954337899,0.36242659817351597,8760,0.3658914764079147
2021,Jawa Barat,Subang,-6.57,107.75667,Asia/Jakarta,26.284726027397262,80.53732876712328,2913.9,2913.9,1369.31,0.4005132420091324,0.39816632420091325,0.3973321917808219,8760,0.3986705859969559
2021,Jawa Tengah,Cilacap,-7.72639,109.00944,Asia/Jakarta,26.22713470319635,85.77294520547945,2748.2,2748.2,1347.64,0.26268059360730595,0.2575372146118721,0.24446244292237443,8760,0.25489341704718416
2021,Jawa Tengah,Demak,-6.8909,110.6396,Asia/Jakarta,26.866723744292237,81.23744292237443,2911.6,2911.6,1469.82,0.3657197488584475,0.36422020547945205,0.37157009132420094,8760,0.3671700152207002
2021,Jawa Tengah,Grobogan,-7.0868,110.9158,Asia/Jakarta,26.617203196347035,81.37888127853881,2441.9,2441.9,1454.84,0.34618892694063924,0.3445155251141553,0.3516450913242009,8760,0.3474498477929984
2021,Jawa Tengah,Pati,-6.7559,111.038,Asia/Jakarta,26.932636986301368,81.44109589041096,2481.4,2481.4,1448.81,0.4138802511415525,0.4130947488584475,0.4134074200913242,8760,0.4134608066971081
2021,Jawa Tengah,Sragen,-7.42639,111.02222,Asia/Jakarta,26.799657534246574,79.34166666666667,2531.2,2531.2,1505.08,0.40778105022831046,0.4136400684931507,0.41706472602739725,8760,0.41282861491628614
2021,Jawa Timur,Bojonegoro,-7.1502,111.8817,Asia/Jakarta,27.141552511415526,78.39303652968036,2336.0,2336.0,1512.3,0.4013827625570776,0.4040697488584475,0.40662191780821916,8760,0.40402480974124805
2021,Jawa Timur,Jember,-8.17211,113.69953,Asia/Jakarta,26.32687214611872,81.60970319634703,2334.3,2334.3,1345.49,0.27477317351598174,0.2688988584474886,0.2668019406392694,8760,0.2701579908675799
2021,Jawa Timur,Lamongan,-7.11667,112.41667,Asia/Jakarta,27.575285388127853,78.18835616438356,2233.0,2233.0,1548.58,0.3912691780821918,0.3898800228310502,0.39590319634703197,8760,0.392350799086758
2021,Jawa Timur,Ngawi,-7.4038,111.4461,Asia/Jakarta,26.826495433789955,78.4412100456621,2642.0,2642.0,1557.1200000000001,0.395727397260274,0.3959876712328767,0.3990931506849315,8760,0.39693607305936074
2021,Jawa Timur,Tuban,-6.8976,112.0649,Asia/Jakarta,26.76772831050228,80.95810502283105,2580.8,2580.8,1510.51,0.32372956621004567,0.31676495433789953,0.3313956621004566,8760,0.32396339421613396
2021,Kalimantan Barat,Kubu Raya,-0.12694,109.40389,Asia/Pontianak,25.97125570776256,90.27020547945206,3120.3,3120.3,1232.99,0.38276187214611873,0.38560011415525114,0.3846057077625571,8760,0.3843225646879757
2021,Kalimantan Barat,Landak,0.38333,109.95,Asia/Pontianak,25.67925799086758,90.34577625570776,2991.8,2991.8,1236.21,0.3824172374429224,0.3811222602739726,0.3820856164383562,8760,0.3818750380517504
2021,Kalimantan Barat,Mempawah,0.37102,108.97013,Asia/Pontianak,26.332910958904108,87.36164383561643,2458.6,2458.6,1270.85,0.37131312785388126,0.3706819634703196,0.3777949771689498,8760,0.3732633561643835
2021,Kalimantan Barat,Sambas,1.33333,109.25,Asia/Pontianak,25.890068493150686,89.18196347031963,2562.2,2562.2,1223.54,0.26749977168949773,0.26806141552511414,0.26434155251141556,8760,0.26663424657534246
2021,Kalimantan Barat,Sanggau,0.13333,110.6,Asia/Pontianak,25.92,89.70148401826484,3352.7,3352.7,1232.32,0.400676598173516,0.4013230593607306,0.40323333333333333,8760,0.40174433028919326
2021,Kalimantan Selatan,Banjar,-3.4109,114.8642,Asia/Makassar,26.185856164383562,87.26837899543379,3730.3,3730.3,1186.34,0.5721962328767124,0.5772673515981736,0.576692808219178,8760,0.5753854642313546
2021,Kalimantan Selatan,Barito Kuala,-3.0136,114.7687,Asia/Makassar,26.112922374429225,89.94223744292238,3985.1,3985.1,1170.15,0.39717899543379,0.3983705479452055,0.39803333333333335,8760,0.39786095890410955
2021,Kalimantan Selatan,Hulu Sungai Selatan,-2.7837,115.2772,Asia/Makassar,25.584349315068494,89.98972602739725,3710.6,3710.6,1157.0,0.413685502283105,0.4151931506849315,0.41130456621004563,8760,0.41339440639269404
2021,Kalimantan Selatan,Tanah Laut,-3.7987,114.7788,Asia/Makassar,25.88648401826484,87.22077625570776,3530.8,3530.8,1195.43,0.46613504566210046,0.47134760273972603,0.4681084474885845,8760,0.46853036529680364
2021,Kalimantan Selatan,Tapin,-2.9334,115.1621,Asia/Makassar,25.84400684931507,88.45342465753424,3221.3,3221.3,1168.38,0.43088744292237446,0.43641027397260274,0.43558778538812787,8760,0.43429516742770163
2021,Kalimantan Tengah,Barito Timur,-2.1236,115.1958,Asia/Pontianak,25.780388127853882,90.82488584474886,4263.3,4263.3,1183.25,0.49898333333333333,0.4983384703196347,0.49491267123287674,8760,0.4974114916286149
2021,Kalimantan Tengah,Kapuas,-3.0013,114.3916,Asia/Jakarta,26.311164383561643,88.10308219178083,3477.8,3477.8,1183.89,0.4225819634703197,0.4236590182648402,0.41667785388127854,8760,0.4209729452054795
2021,Kalimantan Tengah,Kotawaringin Timur,-2.5315,112.9496,Asia/Pontianak,26.29769406392694,87.69303652968037,3463.4,3463.4,1236.23,0.2859099315068493,0.2852224885844749,0.2815647260273973,8760,0.2842323820395738
2021,Kalimantan Tengah,Pulang Pisau,-2.7671,114.2406,Asia/Pontianak,26.02570776255708,90.84737442922375,3756.4,3756.4,1179.17,0.39616449771689494,0.39764954337899544,0.39669908675799087,8760,0.3968377092846271
2021,Kalimantan Tengah,Seruyan,-3.39228,112.55049,Asia/Pontianak,26.940776255707764,85.03675799086759,3122.8,3122.8,1320.35,0.2859151826484018,0.28431210045662103,0.2750595890410959,8760,0.2817622907153729
2021,Kalimantan Timur,Berau,2.15281,117.49672,Asia/Makassar,25.986712328767123,91.21141552511415,3696.5,3696.5,1235.77,0.40874474885844747,0.4089020547945205,0.40892956621004567,8760,0.4088587899543379
2021,Kalimantan Timur,Kutai Kartanegara,-0.42366,116.98895,Asia/Makassar,25.876552511415525,91.09760273972603,3609.4,3609.4,1170.24,0.40965593607305933,0.4105771689497717,0.4101805936073059,8760,0.41013789954337904
2021,Kalimantan Timur,Kutai Timur,0.5049,117.5279,Asia/Makassar,25.807134703196347,90.23059360730593,3900.8,3900.8,1230.29,0.4055311643835616,0.40784292237442926,0.4074312785388128,8760,0.4069351217656012
2021,Kalimantan Timur,Paser,-1.91013,116.202,Asia/Makassar,25.837351598173516,90.86563926940639,4010.2,4010.2,1201.85,0.4009737442922375,0.40059292237442923,0.400724200913242,8760,0.4007636225266363
2021,Kalimantan Timur,Penajam Paser Utara,-1.24919,116.76968,Asia/Makassar,26.371198630136988,88.96141552511415,3615.5,3615.5,1246.57,0.43692077625570774,0.439194406392694,0.4411821917808219,8760,0.43909912480974117
2021,Kalimantan Utara,Bulungan,2.8375,117.36528,Asia/Makassar,25.86549086757991,91.3769406392694,4401.0,4401.0,1207.99,0.41346974885844745,0.41396381278538813,0.41415913242009134,8760,0.4138642313546423
2021,Kalimantan Utara,Malinau,3.58855,116.62391,Asia/Makassar,25.955947488584474,90.6027397260274,5504.1,5504.1,1271.95,0.47793995433789954,0.4830399543378996,0.4893446347031963,8760,0.4834415144596651
2021,Kalimantan Utara,Nunukan,4.13841,117.6507,Asia/Makassar,26.22728310502283,89.81038812785388,3728.8,3728.8,1270.41,0.46407157534246574,0.46891301369863014,0.4734138127853881,8760,0.46879946727549465
2021,Kalimantan Utara,Tana Tidung,3.60815,116.90668,Asia/Makassar,26.209885844748857,90.07705479452055,4813.8,4813.8,1229.1200000000001,0.3921881278538813,0.3951406392694064,0.39581552511415524,8760,0.3943814307458143
2021,Kalimantan Utara,Tarakan,3.31332,117.59152,Asia/Makassar,26.692431506849317,88.0458904109589,4530.0,4530.0,1365.66,0.4049126712328767,0.40652636986301366,0.40565410958904113,8760,0.40569771689497713
2021,Kepulauan Bangka Belitung,Bangka,-1.85442,106.12215,Asia/Jakarta,26.510308219178082,86.68744292237443,2540.4,2540.4,1287.84,0.3707118721461187,0.3699795662100457,0.36868550228310504,8760,0.36979231354642317
2021,Kepulauan Bangka Belitung,Bangka Barat,-2.06719,105.16228,Asia/Jakarta,26.712317351598173,85.50034246575342,2418.0,2418.0,1317.04,0.3591038812785388,0.35439509132420094,0.35051198630136987,8760,0.3546703196347032
2021,Kepulauan Bangka Belitung,Bangka Selatan,-3.0,106.5,Asia/Jakarta,26.306552511415525,87.15091324200914,3238.6,3238.6,1242.98,0.28754737442922373,0.28465901826484014,0.2854915525114155,8760,0.28589931506849314
2021,Kepulauan Bangka Belitung,Belitung,-2.73353,107.63477,Asia/Jakarta,26.713139269406394,85.3953196347032,2495.6,2495.6,1280.33,0.2682159817351598,0.263833904109589,0.255816894977169,8760,0.2626222602739726
2021,Kepulauan Bangka Belitung,Belitung Timur,-2.88333,108.26667,Asia/Jakarta,27.095422374429223,82.74965753424658,2155.9,2155.9,1364.15,0.4070329908675799,0.40591164383561645,0.3999968036529681,8760,0.4043138127853882
2021,Kepulauan Riau,Batam,1.14937,104.02491,Asia/Jakarta,27.037454337899543,84.27534246575343,2731.4,2731.4,1347.23,0.2490179223744292,0.2499816210045662,0.24440011415525115,8760,0.24779988584474885
2021,Kepulauan Riau,Bintan,1.1,104.525,Asia/Pontianak,26.671746575342464,84.77876712328766,3256.8,3256.8,1347.23,0.2491425799086758,0.24427351598173513,0.23521860730593605,8760,0.2428782343987823
2021,Kepulauan Riau,Karimun,-6.5194,106.2899,Asia/Jakarta,25.388401826484017,84.93173515981735,3128.7,3128.7,1259.3,0.38447568493150686,0.3830942922374429,0.38069509132420093,8760,0.3827550228310502
2021,Kepulauan Riau,Lingga,-10.5684,121.8988,Asia/Makassar,26.464109589041097,78.77054794520548,1744.6,1744.6,1631.67,0.3277369863013699,0.3520925799086758,0.37101563926940634,8760,0.35028173515981736
2021,Kepulauan Riau,Natuna,3.9384,108.38401,Asia/Jakarta,26.733093607305936,84.1453196347032,1859.9,1859.9,1296.6200000000001,0.26972054794520545,0.26802568493150686,0.2634328767123288,8760,0.26705970319634703
2021,Lampung,Lampung Selatan,-5.73805,105.5916,Asia/Jakarta,26.714589041095888,85.34006849315068,2317.0,2317.0,1277.95,0.4543995433789954,0.4514755707762557,0.45143413242009134,8760,0.45243641552511416
2021,Lampung,Lampung Tengah,-4.9753,105.21396,Asia/Jakarta,26.063082191780822,86.19885844748859,3152.3,3152.3,1298.28,0.4635546803652968,0.4668389269406393,0.4660751141552511,8760,0.4654895738203957
2021,Lampung,Lampung Timur,-5.06446,105.54869,Asia/Jakarta,26.09495433789954,86.52785388127855,2866.0,2866.0,1261.36,0.46100136986301365,0.4642058219178082,0.4654263698630137,8760,0.46354452054794515
2021,Lampung,Lampung Utara,-4.82505,104.8817,Asia/Jakarta,26.0063698630137,87.049200913242,2941.4,2941.4,1311.75,0.4585158675799087,0.4578527397260274,0.44831175799086753,8760,0.45489345509893453
2021,Lampung,Tulang Bawang,-4.47131,105.25214,Asia/Jakarta,26.383698630136987,86.08401826484018,2901.9,2901.9,1286.02,0.4330173515981735,0.4354978310502283,0.43532100456621003,8760,0.4346120624048706
2021,Maluku,Buru,-3.26194,127.09292,Asia/Jayapura,26.457579908675797,86.49189497716895,2532.2,2532.2,1365.56,0.341991894977169,0.3407349315068493,0.3364158675799087,8760,0.33971423135464235
2021,Maluku,Maluku Tengah,-3.29833,128.96883,Asia/Jayapura,26.110833333333332,87.00890410958904,3293.5,3293.5,1211.23,0.3423849315068493,0.3433190639269406,0.33074794520547945,8760,0.33881731354642314
2021,Maluku,Maluku Tenggara,-5.66689,132.73763,Asia/Jayapura,26.883219178082193,85.08253424657535,2769.0,2769.0,1354.66,0.27426609589041095,0.27032796803652964,0.2604140410958904,8760,0.26833603500761033
2021,Maluku,Seram Bagian Barat,-3.0618,128.1945,Asia/Jayapura,26.2096803652968,88.50102739726027,3718.2,3718.2,1192.8700000000001,0.4089531963470319,0.40973424657534246,0.4106050228310502,8760,0.4097641552511415
2021,Maluku,Seram Bagian Timur,-3.1112,130.4954,Asia/Jayapura,25.57939497716895,87.82408675799087,3300.6,3300.6,1279.49,0.2936044520547945,0.29187671232876716,0.2819875570776256,8760,0.2891562404870624
2021,Maluku Utara,Halmahera Barat,1.06504,127.46786,Asia/Jayapura,25.925570776255707,89.54406392694064,3969.1,3969.1,1251.71,0.40321301369863016,0.40239851598173515,0.40107705479452055,8760,0.40222952815829527
2021,Maluku Utara,Halmahera Selatan,-0.62546,127.47808,Asia/Jayapura,26.375102739726028,92.08618721461187,5034.1,5034.1,1237.42,0.42263470319634705,0.4196710045662101,0.4123301369863014,8760,0.41821194824961944
2021,Maluku Utara,Halmahera Timur,0.7007,128.29198,Asia/Jayapura,26.146038812785388,88.38949771689498,3193.7,3193.7,1289.27,0.4092562785388128,0.409150799086758,0.4085819634703196,8760,0.40899634703196347
2021,Maluku Utara,Halmahera Utara,1.72837,128.00948,Asia/Jayapura,26.693641552511416,88.89954337899543,4944.8,4944.8,1347.92,0.3712063926940639,0.36918116438356163,0.3612208904109589,8760,0.36720281582952813
2021,Maluku Utara,Tidore Kepulauan,0.65277,127.44533,Asia/Jayapura,26.54659817351598,86.45867579908676,3255.3,3255.3,1342.41,0.39137591324200915,0.3886297945205479,0.37832271689497715,8760,0.38610947488584474
2021,Nusa Tenggara Barat,Bima,-8.46006,118.72667,Asia/Makassar,26.815308219178082,84.24703196347032,2255.7,2255.7,1384.24,0.33360045662100457,0.34055742009132417,0.35974075342465756,8760,0.3446328767123288
2021,Nusa Tenggara Barat,Dompu,-8.5365,118.4634,Asia/Makassar,26.22535388127854,84.79143835616438,1923.2,1923.2,1348.97,0.3392472602739726,0.34165068493150685,0.3537138127853881,8760,0.34487058599695586
2021,Nusa Tenggara Barat,Lombok Tengah,-8.70536,116.27036,Asia/Makassar,25.8159703196347,83.35776255707762,2114.4,2114.4,1392.44,0.3903634703196347,0.39526118721461184,0.39724851598173516,8760,0.39429105783866053
2021,Nusa Tenggara Barat,Lombok Timur,-8.6503,116.5318,Asia/Makassar,25.41582191780822,81.48470319634703,2110.0,2110.0,1395.45,0.38791164383561644,0.38078276255707766,0.3944768264840183,8760,0.38772374429223744
2021,Nusa Tenggara Barat,Sumbawa,-8.49317,117.42024,Asia/Makassar,27.13545662100457,77.13892694063927,1590.9,1590.9,1605.25,0.2755102739726027,0.26994486301369863,0.27576324200913244,8760,0.27373945966514457
2021,Nusa Tenggara Timur,Belu,-9.10611,124.8925,Asia/Makassar,25.348767123287672,75.95947488584476,2810.6,2810.6,1537.84,0.28895159817351596,0.2910287671232876,0.29275764840182644,8760,0.2909126712328767
2021,Nusa Tenggara Timur,Kupang,-10.0642,123.8787,Asia/Makassar,26.762705479452052,77.37842465753425,1907.8,1907.8,1632.0,0.25966232876712325,0.2527360730593607,0.25505433789954335,8760,0.25581757990867576
2021,Nusa Tenggara Timur,Manggarai,-8.61139,120.46444,Asia/Makassar,19.841963470319634,88.69600456621005,2454.2,2454.2,1167.11,0.31691826484018265,0.3126045662100457,0.3050380136986301,8760,0.3115202815829528
2021,Nusa Tenggara Timur,Sumba Timur,-9.6567,120.2641,Asia/Makassar,26.376267123287672,79.33470319634704,1705.5,1705.5,1576.06,0.27199520547945205,0.27263447488584475,0.2825824200913242,8760,0.2757373668188737
2021,Nusa Tenggara Timur,Timor Tengah Selatan,-9.86071,124.28395,Asia/Makassar,21.82318493150685,79.86495433789955,1687.4,1687.4,1454.18,0.2692714611872146,0.26658561643835615,0.27985650684931507,8760,0.2719045281582953
2021,Papua,Biak Numfor,-1.1767,136.082,Asia/Jayapura,26.404589041095893,90.31506849315069,4317.7,4317.7,1228.74,0.40549178082191784,0.4070437214611872,0.40337865296803654,8760,0.40530471841704724
2021,Papua,Jayapura,-2.5691,140.5127,Asia/Jayapura,26.273082191780823,89.84988584474885,4949.1,4949.1,1249.61,0.34824646118721464,0.34807568493150687,0.3431252283105023,8760,0.34648245814307455
2021,Papua,Keerom,-2.9028,140.7657,Asia/Jayapura,25.91353881278539,90.05068493150685,4787.4,4787.4,1248.69,0.47244292237442925,0.47800547945205474,0.48072945205479445,8760,0.47705928462709285
2021,Papua,Kota Jayapura,-2.53371,140.71812,Asia/Jayapura,26.78474885844749,89.57214611872146,5892.1,5892.1,1282.89,0.5796939497716894,0.584053310502283,0.5848553652968036,8760,0.5828675418569254
2021,Papua,Sarmi,-1.85302,138.75093,Asia/Jayapura,26.3425799086758,89.82317351598174,4825.9,4825.9,1294.72,0.45384235159817354,0.4542057077625571,0.4542970319634703,8760,0.45411503044140034
2021,Papua Barat,Fakfak,-2.92481,132.29813,Asia/Jayapura,26.013367579908678,90.87271689497717,2945.1,2945.1,1142.29,0.4093593607305936,0.4104189497716895,0.4044487442922374,8760,0.4080756849315068
2021,Papua Barat,Kaimana,-3.6635,133.7649,Asia/Jayapura,26.257534246575343,89.34406392694063,2512.0,2512.0,1264.89,0.41215285388127854,0.41324726027397257,0.4137126712328767,8760,0.41303759512937593
2021,Papua Barat,Manokwari,-0.86291,134.06403,Asia/Jayapura,26.22134703196347,86.71986301369863,2632.7,2632.7,1301.2,0.47925433789954336,0.48113584474885845,0.4796219178082192,8760,0.4800040334855404
2021,Papua Barat,Manokwari Selatan,-1.5083,134.1708,Asia/Jayapura,26.40299086757991,86.37522831050228,2227.6,2227.6,1284.59,0.40968059360730597,0.40986609589041095,0.4106448630136986,8760,0.41006385083713853
2021,Papua Barat,Teluk Bintuni,-2.10967,133.52461,Asia/Jayapura,25.38724885844749,90.78458904109588,3953.3,3953.3,1224.35,0.45040764840182645,0.45461986301369867,0.45282385844748857,8760,0.45261712328767123
2021,Papua Barat Daya,Maybrat,-1.25667,132.49973,Asia/Jayapura,23.48181506849315,91.38801369863013,5449.6,5449.6,1212.74,0.4744591324200913,0.48519942922374426,0.48611986301369864,8760,0.4819261415525114
2021,Papua Barat Daya,Raja Ampat,-0.2379,130.5072,Asia/Jayapura,25.36408675799087,91.35513698630137,4928.6,4928.6,1251.97,0.4298353881278539,0.4313616438356164,0.43230547945205483,8760,0.43116750380517505
2021,Papua Barat Daya,Sorong,-0.95698,131.33534,Asia/Jayapura,25.44011415525114,91.02111872146119,4085.9,4085.9,1257.44,0.3831285388127854,0.38482442922374427,0.3824414383561644,8760,0.383464802130898
2021,Papua Barat Daya,Sorong Selatan,-1.4416,132.01428,Asia/Jayapura,25.63307077625571,90.98162100456621,4283.9,4283.9,1242.95,0.41314714611872144,0.41534680365296806,0.41434760273972604,8760,0.4142805175038052
2021,Papua Barat Daya,Tambrauw,-0.80889,132.43222,Asia/Jayapura,23.66989726027397,91.24132420091324,5043.4,5043.4,1231.25,0.41699657534246576,0.4187600456621004,0.41967636986301365,8760,0.41847766362252664
2021,Papua Pegunungan,Jayawijaya,-4.09583,138.94806,Asia/Jayapura,18.050833333333333,80.92454337899544,3324.0,3324.0,1193.03,0.4154932648401827,0.4166269406392694,0.4166998858447488,8760,0.4162733637747336
2021,Papua Pegunungan,Lanny Jaya,-3.92361,138.45473,Asia/Jayapura,15.95474885844749,87.49554794520547,2943.2,2943.2,1240.56,0.41374497716894976,0.41497522831050226,0.41613664383561644,8760,0.4149522831050228
2021,Papua Pegunungan,Mamberamo Tengah,-3.66417,139.065,Asia/Jayapura,21.070559360730595,92.25490867579909,6188.4,6188.4,1191.38,0.41269954337899545,0.4135321917808219,0.41620947488584475,8760,0.4141470700152207
2021,Papua Pegunungan,Tolikara,-3.6994,138.4579,Asia/Jayapura,17.169486301369865,86.10479452054794,4028.3,4028.3,1136.31,0.4212055936073059,0.4223641552511415,0.4231325342465754,8760,0.422234094368341
2021,Papua Pegunungan,Yahukimo,-4.85614,139.48105,Asia/Jayapura,25.1647602739726,91.78607305936073,9310.1,9310.1,1105.54,0.4739956621004566,0.48151369863013704,0.4757434931506849,8760,0.47708428462709285
2021,Papua Selatan,Asmat,-5.54505,138.13522,Asia/Jayapura,26.188732876712326,90.44360730593607,4803.2,4803.2,1189.25,0.40433230593607306,0.4069918949771689,0.4050070776255708,8760,0.4054437595129376
2021,Papua Selatan,Boven Digoel,-6.09756,140.30649,Asia/Jayapura,25.92898401826484,89.57385844748859,5563.3,5563.3,1159.44,0.47715707762557075,0.4826114155251141,0.48616757990867576,8760,0.4819786910197869
2021,Papua Selatan,Mappi,-6.52461,139.32224,Asia/Jayapura,26.09681506849315,89.31312785388128,3735.0,3735.0,1152.53,0.5734539954337899,0.5785390410958904,0.5762316210045662,8760,0.5760748858447488
2021,Papua Selatan,Merauke,-8.49958,140.40613,Asia/Jayapura,26.48178082191781,85.1689497716895,2542.5,2542.5,1335.47,0.5354,0.526129109589041,0.5221414383561643,8760,0.5278901826484018
2021,Papua Tengah,Deiyai,-3.96667,136.26666,Asia/Jayapura,17.774269406392694,90.87990867579909,4047.0,4047.0,1035.03,0.41742762557077623,0.42136518264840184,0.4178858447488584,8760,0.41889288432267885
2021,Papua Tengah,Dogiyai,-3.96139,135.9436,Asia/Jayapura,18.17359589041096,90.49326484018265,3264.8,3264.8,1072.35,0.4199522831050228,0.42112180365296803,0.42239212328767123,8760,0.42115540334855406
2021,Papua Tengah,Mimika,-4.61407,136.67679,Asia/Jayapura,25.4111301369863,92.16267123287672,4990.7,4990.7,1101.29,0.4060904109589041,0.40846872146118723,0.4042415525114155,8760,0.406266894977169
2021,Papua Tengah,Nabire,-3.35989,135.50073,Asia/Jayapura,26.333264840182647,88.33481735159818,3137.9,3137.9,1244.61,0.40395559360730593,0.40435502283105024,0.4050848173515982,8760,0.40446514459665145
2021,Papua Tengah,Paniai,-3.93032,136.37651,Asia/Jayapura,16.824360730593607,91.6283105022831,3773.1,3773.1,983.51,0.3974763698630137,0.4045812785388128,0.40732853881278536,8760,0.4031287290715373
2021,Riau,Indragiri Hilir,-0.3227,103.1603,Asia/Jakarta,26.309463470319635,88.94406392694064,2885.1,2885.1,1243.84,0.3994950913242009,0.40016198630136984,0.40119600456621,8760,0.40028436073059354
2021,Riau,Kampar,0.33833,101.02361,Asia/Jakarta,25.97634703196347,87.33550228310503,2951.4,2951.4,1289.54,0.4584166666666667,0.4640865296803653,0.4733990867579908,8760,0.46530076103500767
2021,Riau,Rokan Hilir,2.15668,100.80763,Asia/Jakarta,26.526826484018265,87.22431506849315,3292.6,3292.6,1313.03,0.33673162100456616,0.3340519406392694,0.33003664383561643,8760,0.3336067351598173
2021,Riau,Rokan Hulu,0.86459,100.29547,Asia/Jakarta,25.829577625570778,87.20696347031964,2674.2,2674.2,1318.51,0.46662157534246573,0.4678740867579909,0.47223105022831047,8760,0.468908904109589
2021,Riau,Siak,0.79317,102.0511,Asia/Jakarta,26.253641552511414,88.23002283105023,2890.5,2890.5,1251.02,0.3783926940639269,0.37591655251141554,0.3707808219178082,8760,0.3750300228310502
2021,Sulawesi Barat,Majene,-3.5403,118.9707,Asia/Makassar,26.85549086757991,84.56232876712329,2027.1,2027.1,1387.09,0.3636489726027397,0.35630639269406394,0.343662100456621,8760,0.3545391552511415
2021,Sulawesi Barat,Mamasa,-2.942,119.3776,Asia/Makassar,19.597100456621007,90.3013698630137,4517.5,4517.5,1111.49,0.4296195205479452,0.4332268264840183,0.4334360730593607,8760,0.4320941400304414
2021,Sulawesi Barat,Mamuju,-2.68056,118.88611,Asia/Makassar,26.75219178082192,86.02009132420092,2924.9,2924.9,1350.42,0.41018036529680363,0.41031563926940634,0.4098066210045662,8760,0.4101008751902587
2021,Sulawesi Barat,Mamuju Tengah,-2.08944,119.34722,Asia/Makassar,25.734931506849314,90.9208904109589,4881.3,4881.3,1301.26,0.40352933789954337,0.403487100456621,0.4047236301369863,8760,0.40391335616438356
2021,Sulawesi Barat,Polewali Mandar,-3.4324,119.3435,Asia/Makassar,26.619212328767123,86.30262557077626,2153.4,2153.4,1310.93,0.4014428082191781,0.4005041095890411,0.40150045662100453,8760,0.40114912480974124
2021,Sulawesi Selatan,Bone,-4.5386,120.3279,Asia/Makassar,26.46642694063927,84.7216894977169,2960.9,2960.9,1413.36,0.4343065068493151,0.4326904109589041,0.432990296803653,8760,0.43332907153729067
2021,Sulawesi Selatan,Gowa,-5.1971,119.451,Asia/Makassar,26.63299086757991,84.9837899543379,2960.4,2960.4,1338.07,0.44753116438356166,0.45046484018264843,0.4487791095890411,8760,0.4489250380517504
2021,Sulawesi Selatan,Pinrang,-3.78611,119.65222,Asia/Makassar,26.174783105022833,85.50045662100456,2975.5,2975.5,1323.81,0.3700950913242009,0.37188641552511414,0.37480890410958906,8760,0.37226347031963464
2021,Sulawesi Selatan,Sidenreng Rappang,-3.9258194,119.7953,Asia/Makassar,26.425342465753424,84.58150684931506,1921.8,1921.8,1381.18,0.438649200913242,0.4432615296803653,0.4577156392694064,8760,0.44654212328767123
2021,Sulawesi Selatan,Wajo,-4.1279,120.0297,Asia/Makassar,26.943687214611874,82.70570776255708,2189.7,2189.7,1392.63,0.35549657534246576,0.3485175799086758,0.3326826484018265,8760,0.34556560121765606
2021,Sulawesi Tengah,Banggai,-0.9516,122.7875,Asia/Makassar,26.709155251141553,89.4986301369863,3673.8,3673.8,1380.41,0.37474349315068495,0.3698769406392694,0.3656017123287671,8760,0.37007404870624044
2021,Sulawesi Tengah,Donggala,-0.6723,119.7402,Asia/Makassar,27.339406392694066,83.4445205479452,2383.5,2383.5,1350.38,0.4753094748858448,0.47995239726027394,0.47333755707762554,8760,0.4761998097412481
2021,Sulawesi Tengah,Parigi Moutong,-7.7015,108.496,Asia/Jakarta,25.781815068493152,86.73230593607306,3141.6,3141.6,1213.5,0.38424052511415524,0.3802651826484018,0.3757848173515982,8760,0.38009684170471836
2021,Sulawesi Tengah,Poso,-1.3959,120.7524,Asia/Makassar,25.896358447488584,85.84303652968036,3355.6,3355.6,1264.48,0.41481575342465754,0.41562477168949774,0.41623390410958905,8760,0.41555814307458144
2021,Sulawesi Tengah,Sigi,-0.94982,119.91805,Asia/Makassar,26.089680365296804,89.10627853881279,4071.5,4071.5,1321.46,0.3993610730593607,0.3996187214611872,0.3945118721461187,8760,0.3978305555555555
2021,Sulawesi Tenggara,Bombana,-4.62767,122.00472,Asia/Makassar,25.852214611872146,87.60182648401826,2415.4,2415.4,1368.58,0.3158203196347032,0.3136156392694064,0.3109267123287671,8760,0.31345422374429227
2021,Sulawesi Tenggara,Kolaka Timur,-3.9613,122.2861,Asia/Makassar,25.392134703196348,90.63789954337899,2988.0,2988.0,1252.07,0.4066788812785388,0.40751769406392696,0.40721563926940635,8760,0.40713740487062405
2021,Sulawesi Tenggara,Konawe,-3.8539,122.042,Asia/Makassar,25.273630136986302,90.00662100456621,3295.8,3295.8,1267.82,0.39033356164383565,0.3926812785388128,0.395750799086758,8760,0.3929218797564688
2021,Sulawesi Tenggara,Konawe Selatan,-4.3273,122.2522,Asia/Makassar,25.807899543378998,87.6329908675799,2446.8,2446.8,1287.2,0.40044052511415523,0.4010020547945205,0.40180810502283104,8760,0.4010835616438356
2021,Sulawesi Tenggara,Muna,-4.838,122.7209,Asia/Makassar,26.512648401826482,86.0222602739726,2434.6,2434.6,1308.99,0.38855947488584475,0.38640890410958906,0.3824317351598173,8760,0.38580003805175034
2021,Sulawesi Utara,Bolaang Mongondow,0.8755,124.0098,Asia/Makassar,26.201392694063927,88.33778538812786,3500.9,3500.9,1300.64,0.35477134703196345,0.35429303652968036,0.3503775114155251,8760,0.35314729832572295
2021,Sulawesi Utara,Bolaang Mongondow Utara,0.9083,123.2679,Asia/Makassar,26.160285388127853,88.47979452054794,4002.1,4002.1,1286.28,0.4079896118721461,0.40790102739726025,0.4066633561643836,8760,0.40751799847792997
2021,Sulawesi Utara,Minahasa,1.3054,124.91261,Asia/Makassar,22.107009132420092,91.05422374429224,2778.6,2778.6,1130.34,0.4703639269406393,0.4798876712328767,0.4787849315068493,8760,0.4763455098934551
2021,Sulawesi Utara,Minahasa Selatan,-1.1825,124.573,Asia/Makassar,27.6911301369863,79.74840182648401,2590.7,2590.7,1543.8700000000001,,,,8760,
2021,Sulawesi Utara,Minahasa Utara,1.42804,124.97774,Asia/Makassar,24.61928082191781,92.05365296803653,3949.3,3949.3,1203.95,0.2902143835616438,0.2871786529680365,0.2711364155251142,8760,0.28284315068493154
2021,Sumatera Barat,Agam,-0.32545,100.06462,Asia/Jakarta,25.514737442922375,87.98116438356165,4682.2,4682.2,1215.52,0.3800858447488585,0.3800497716894977,0.3784639269406393,8760,0.37953318112633183
2021,Sumatera Barat,Lima Puluh Kota,-0.1503,100.664,Asia/Jakarta,23.31796803652968,88.13744292237443,2191.0,2191.0,1217.79,0.385090296803653,0.38433527397260275,0.38003744292237446,8760,0.3831543378995434
2021,Sumatera Barat,Pasaman Barat,0.09703,99.82339,Asia/Jakarta,25.057842465753424,88.21198630136986,4060.1,4060.1,1241.75,0.4559470319634703,0.45887614155251144,0.4612662100456621,8760,0.45869646118721463
2021,Sumatera Barat,Solok,-0.95221,100.621,Asia/Jakarta,20.631358447488587,88.59805936073059,3446.4,3446.4,1107.17,0.4236103881278539,0.4252849315068493,0.42313584474885846,8760,0.42401038812785385
2021,Sumatera Barat,Tanah Datar,-0.4606,100.6107,Asia/Jakarta,23.97214611872146,84.83630136986301,2430.3,2430.3,1265.22,0.3891534246575342,0.3887802511415525,0.382986301369863,8760,0.3869733257229832
2021,Sumatera Selatan,Banyuasin,-2.8812,104.3943,Asia/Jakarta,26.33171232876712,86.43698630136986,2722.4,2722.4,1276.92,0.4356622146118721,0.43713242009132425,0.4370424657534247,8760,0.43661236681887367
2021,Sumatera Selatan,Muara Enim,-3.6486,103.771,Asia/Jakarta,26.24046803652968,85.1285388127854,3385.7,3385.7,1330.57,0.46186438356164383,0.46662785388127853,0.4627722602739726,8760,0.46375483257229827
2021,Sumatera Selatan,Musi Banyuasin,-2.8819,103.8344,Asia/Jakarta,26.25590182648402,87.55445205479452,3248.7,3248.7,1287.24,0.4479316210045662,0.45090365296803653,0.4541947488584475,8760,0.45101000761035004
2021,Sumatera Selatan,Ogan Komering Ilir,-3.392,104.8306,Asia/Jakarta,26.145742009132423,88.28287671232877,2827.1,2827.1,1243.56,0.39335194063926937,0.39248504566210046,0.39277979452054795,8760,0.39287226027397265
2021,Sumatera Selatan,Ogan Komering Ulu Timur,-3.4109,114.8642,Asia/Makassar,26.185856164383562,87.26837899543379,3730.3,3730.3,1186.34,0.5721962328767124,0.5772673515981736,0.576692808219178,8760,0.5753854642313546
2021,Sumatera Utara,Deli Serdang,3.5592,98.8733,Asia/Jakarta,25.82939497716895,90.22191780821917,3894.5,3894.5,1255.03,0.38720924657534245,0.3860610730593607,0.3898280821917808,8760,0.3876994672754946
2021,Sumatera Utara,Langkat,3.73335,98.45025,Asia/Jakarta,26.05595890410959,89.71061643835617,3745.2,3745.2,1244.36,0.3760079908675799,0.37168744292237443,0.3730931506849315,8760,0.373596194824962
2021,Sumatera Utara,Mandailing Natal,0.8651,99.5528,Asia/Jakarta,25.037762557077624,87.87568493150685,2999.6,2999.6,1294.96,0.39589360730593603,0.39590102739726024,0.3977978310502283,8760,0.39653082191780825
2021,Sumatera Utara,Serdang Bedagai,3.4845,99.1366,Asia/Jakarta,25.938504566210046,89.74383561643836,3349.7,3349.7,1246.32,0.49416792237442925,0.5015211187214612,0.5104623287671234,8760,0.5020504566210047
2021,Sumatera Utara,Simalungun,2.9658,98.8473,Asia/Jakarta,20.470547945205478,90.1203196347032,3530.2,3530.2,1132.09,0.3932222602739726,0.39355616438356167,0.3862581050228311,8760,0.39101217656012177
2022,Aceh,Aceh Besar,5.187659,95.715548,Asia/Jakarta,23.149509132420093,86.80559360730594,4479.6,4479.6,1190.25,0.39285296803652964,0.3941559360730594,0.3988498858447489,8760,0.3952862633181127
2022,Aceh,Aceh Timur,4.94952,97.77267,Asia/Jakarta,26.492066210045664,83.93116438356165,2772.5,2772.5,1352.01,0.3890953196347032,0.3814200913242009,0.3706052511415525,8760,0.38037355403348555
2022,Aceh,Aceh Utara,5.051701,97.318123,Asia/Jakarta,25.85005707762557,88.6560502283105,4044.3,4044.3,1284.66,0.37078812785388127,0.36361792237442925,0.3607794520547945,8760,0.3650618340943683
2022,Aceh,Bireuen,5.203,96.701,Asia/Jakarta,25.60920091324201,87.21073059360731,3712.2,3712.2,1296.6,0.39071746575342464,0.38993550228310503,0.392656506849315,8760,0.3911031582952816
2022,Aceh,Pidie,5.3807,95.9549,Asia/Jakarta,26.30638127853881,84.36735159817351,2660.1,2660.1,1350.52,0.31815673515981735,0.3162478310502283,0.3137520547945205,8760,0.3160522070015221
2022,Bali,Badung,-8.54389,115.17,Asia/Makassar,25.066906392694065,87.50376712328767,3082.0,3082.0,1370.72,0.3738529680365297,0.36954908675799086,0.37157009132420094,8760,0.3716573820395738
2022,Bali,Buleleng,-8.112,115.08818,Asia/Makassar,26.55521689497717,84.4945205479452,2395.9,2395.9,1414.8,0.26879908675799086,0.2673245433789954,0.26171529680365296,8760,0.26594630898021304
2022,Bali,Gianyar,-8.5435,115.3272,Asia/Makassar,25.351803652968034,85.60068493150685,2372.4,2372.4,1407.82,0.2664599315068493,0.2597746575342466,0.2432220319634703,8760,0.25648554033485543
2022,Bali,Karangasem,-8.45,115.61667,Asia/Makassar,25.251803652968036,85.2404109589041,2726.4,2726.4,1384.27,0.23725456621004565,0.2261832191780822,0.21327636986301368,8760,0.22557138508371385
2022,Bali,Tabanan,-8.5413,115.12522,Asia/Makassar,25.066906392694065,87.50376712328767,3082.0,3082.0,1370.57,0.36377454337899545,0.35526232876712327,0.35680205479452054,8760,0.3586129756468797
2022,Banten,Cilegon,-6.0144,106.0542,Asia/Jakarta,26.73461187214612,80.82157534246575,1747.2,1747.2,1464.25,0.391316894977169,0.38995034246575344,0.39045627853881276,8760,0.3905745053272451
2022,Banten,Lebak,-6.3591,106.2494,Asia/Jakarta,25.938470319634703,85.88858447488585,2947.7,2947.7,1339.42,0.3964182648401826,0.3959950913242009,0.3970609589041096,8760,0.3964914383561644
2022,Banten,Pandeglang,-6.3084,106.1067,Asia/Jakarta,25.05085616438356,83.68333333333334,2368.5,2368.5,1265.1,0.4546133561643836,0.45515536529680367,0.45751312785388126,8760,0.45576061643835614
2022,Banten,Serang,-6.125,106.23278,Asia/Jakarta,26.33807077625571,84.74052511415525,3036.0,3036.0,1366.65,0.39247819634703196,0.3909351598173516,0.3913737442922375,8760,0.391595700152207
2022,Banten,Tangerang,-6.22806,106.51389,Asia/Jakarta,26.143093607305936,84.90479452054795,3064.7,3064.7,1356.91,0.38842043378995433,0.38746278538812784,0.3881409817351598,8760,0.38800806697108065
2022,Bengkulu,Bengkulu Selatan,-4.4651,102.90386,Asia/Jakarta,25.64400684931507,86.72123287671234,4208.3,4208.3,1279.23,0.3846352739726028,0.38341746575342467,0.3904920091324201,8760,0.3861815829528159
2022,Bengkulu,Kaur,-4.79371,103.34836,Asia/Jakarta,25.92601598173516,84.31518264840183,3235.3,3235.3,1346.49,0.3724329908675799,0.3715045662100457,0.37304166666666666,8760,0.3723264079147641
2022,Bengkulu,Mukomuko,-2.5689,101.1118,Asia/Jakarta,25.84582191780822,86.32111872146119,4212.2,4212.2,1298.18,0.3612191780821918,0.3601046803652968,0.3617586757990867,8760,0.3610275114155251
2022,Bengkulu,Rejang Lebong,-3.4703,102.5207,Asia/Jakarta,22.151552511415527,91.04600456621004,3949.4,3949.4,1197.1,0.39190057077625573,0.39320593607305937,0.393164497716895,8760,0.39275700152207005
2022,Bengkulu,Seluma,-4.07543,102.57739,Asia/Jakarta,25.92318493150685,85.74349315068493,4155.3,4155.3,1312.02,0.3866896118721461,0.38692340182648405,0.3931200913242009,8760,0.3889110350076104
2022,DI Yogyakarta,Bantul,-7.88806,110.32889,Asia/Jakarta,25.31187214611872,86.28949771689497,3158.6,3158.6,1298.22,0.33892134703196347,0.3326889269406393,0.3245073059360731,8760,0.33203919330289194
2022,DI Yogyakarta,Gunungkidul,-7.96556,110.60361,Asia/Jakarta,24.695342465753427,86.22819634703197,3094.7,3094.7,1271.36,0.41123504566210045,0.4082730593607306,0.41119954337899545,8760,0.4102358828006088
2022,DI Yogyakarta,Kulon Progo,-7.85722,110.15694,Asia/Jakarta,25.825045662100457,86.5898401826484,3681.3,3681.3,1280.27,0.36694931506849315,0.3613103881278539,0.35430639269406394,8760,0.3608553652968037
2022,DI Yogyakarta,Sleman,-7.71556,110.35556,Asia/Jakarta,24.584897260273973,85.83047945205479,4148.1,4148.1,1212.61,0.2687533105022831,0.265784703196347,0.25349326484018264,8760,0.26267709284627094
2022,DI Yogyakarta,Yogyakarta,-7.80139,110.36472,Asia/Jakarta,25.356324200913242,85.4859589041096,3394.9,3394.9,1276.44,0.2634351598173516,0.2588595890410959,0.24651061643835617,8760,0.25626845509893453
2022,DKI Jakarta,Jakarta Barat,-6.168329,106.75885,Asia/Jakarta,26.467499999999998,83.56997716894978,2452.1,2452.1,1393.75,0.4473277397260274,0.4467505707762557,0.4484950913242009,8760,0.4475244672754947
2022,DKI Jakarta,Jakarta Selatan,-6.26149,106.8106,Asia/Jakarta,26.195867579908676,84.11415525114155,2740.2,2740.2,1374.42,0.4640845890410959,0.46442762557077627,0.4647502283105023,8760,0.46442081430745813
2022,DKI Jakarta,Jakarta Timur,-6.225,106.900444,Asia/Jakarta,26.392842465753425,83.84383561643835,2729.3,2729.3,1395.83,0.41168847031963474,0.4102528538812785,0.41129155251141547,8760,0.4110776255707762
2022,DKI Jakarta,Jakarta Utara,-6.145138,106.899452,Asia/Jakarta,26.56700913242009,83.48139269406393,2334.1,2334.1,1403.5,0.41168847031963474,0.4102528538812785,0.41129155251141547,8760,0.4110776255707762
2022,DKI Jakarta,Kepulauan Seribu,-5.74583,106.61389,Asia/Jakarta,27.5237899543379,79.12659817351599,2341.6,2341.6,1552.67,,,,8760,
2022,Gorontalo,Boalemo,0.5273,122.3463,Asia/Makassar,26.516221461187214,90.13538812785389,3729.7,3729.7,1325.61,0.4094511415525114,0.40919292237442917,0.4092312785388128,8760,0.4092917808219178
2022,Gorontalo,Bone Bolango,0.5325,123.14694,Asia/Makassar,25.713550228310503,85.06278538812785,2309.0,2309.0,1322.48,0.4122140410958904,0.41340308219178085,0.4137658675799087,8760,0.4131276636225267
2022,Gorontalo,Gorontalo,0.627,122.9778,Asia/Makassar,26.071324200913242,88.61038812785388,3235.3,3235.3,1289.81,0.4132905251141552,0.41479760273972605,0.4155810502283105,8760,0.4145563926940639
2022,Gorontalo,Gorontalo Utara,0.8348,122.915,Asia/Makassar,26.385536529680365,88.21358447488585,2797.9,2797.9,1293.82,0.40924212328767123,0.4105502283105023,0.41150091324200916,8760,0.41043108828006086
2022,Gorontalo,Pohuwato,0.4655,121.9386,Asia/Makassar,26.91458904109589,80.79166666666667,1498.6,1498.6,1474.22,0.3898033105022831,0.38773173515981735,0.38594189497716896,8760,0.38782564687975646
2022,Jambi,Batanghari,-1.71327,103.25902,Asia/Jakarta,26.105182648401826,86.9804794520548,3508.3,3508.3,1348.8,0.40241495433789953,0.40294200913242006,0.40346655251141555,8760,0.4029411719939117
2022,Jambi,Kerinci,-1.94667,101.33417,Asia/Jakarta,20.944520547945206,89.42157534246576,2574.9,2574.9,1255.25,0.4079020547945205,0.4092828767123287,0.4112622146118722,8760,0.4094823820395738
2022,Jambi,Merangin,-2.0796,102.2573,Asia/Jakarta,25.715730593607304,85.57648401826484,3511.2,3511.2,1394.48,0.394838698630137,0.39626735159817356,0.3915135844748859,8760,0.39420654490106544
2022,Jambi,Muaro Jambi,-1.4772,103.50765,Asia/Jakarta,26.149486301369862,87.67762557077626,2952.0,2952.0,1341.94,0.4027267123287671,0.40332568493150683,0.4039697488584475,8760,0.40334071537290717
2022,Jambi,Tanjung Jabung Timur,-1.13612,103.84987,Asia/Jakarta,26.138527397260273,88.18070776255708,3019.4,3019.4,1310.68,0.47119155251141553,0.4789904109589041,0.4861518264840182,8760,0.47877792998477925
2022,Jawa Barat,Cianjur,-6.82222,107.13944,Asia/Jakarta,23.437819634703196,83.71746575342466,2846.8,2846.8,1326.82,0.37639668949771693,0.37279897260273975,0.3639304794520548,8760,0.3710420471841705
2022,Jawa Barat,Garut,-7.245,107.921,Asia/Jakarta,21.547648401826482,90.11746575342465,2893.1,2893.1,1180.49,0.38428333333333337,0.38452454337899544,0.3804380136986302,8760,0.3830819634703196
2022,Jawa Barat,Indramayu,-6.32639,108.32,Asia/Jakarta,27.409783105022832,77.8283105022831,1708.8,1708.8,1557.05,0.34921803652968036,0.34749429223744294,0.3507429223744293,8760,0.34915175038051754
2022,Jawa Barat,Karawang,-6.30525,107.3197,Asia/Jakarta,26.57189497716895,82.9541095890411,2672.4,2672.4,1401.81,0.3868074200913242,0.3845558219178082,0.3838663242009132,8760,0.3850765220700152
2022,Jawa Barat,Subang,-6.57,107.75667,Asia/Jakarta,25.960867579908676,82.44189497716896,2635.7,2635.7,1374.36,0.419338698630137,0.4219961187214612,0.4232263698630137,8760,0.42152039573820393
2022,Jawa Tengah,Cilacap,-7.72639,109.00944,Asia/Jakarta,26.015867579908676,86.0783105022831,2842.1,2842.1,1361.64,0.2789134703196347,0.27529965753424657,0.25932545662100454,8760,0.2711795281582953
2022,Jawa Tengah,Demak,-6.8909,110.6396,Asia/Jakarta,26.34447488584475,83.86358447488584,3041.1,3041.1,1452.8700000000001,0.3989043378995434,0.4026162100456621,0.4052019406392694,8760,0.40224082952815826
2022,Jawa Tengah,Grobogan,-7.0868,110.9158,Asia/Jakarta,26.22794520547945,83.12979452054795,2858.6,2858.6,1452.7,0.3769405251141552,0.37823835616438356,0.3822673515981735,8760,0.37914874429223744
2022,Jawa Tengah,Pati,-6.7559,111.038,Asia/Jakarta,26.461529680365295,83.85388127853881,2879.2,2879.2,1424.2,0.43025433789954337,0.43476221461187214,0.4402408675799087,8760,0.4350858066971081
2022,Jawa Tengah,Sragen,-7.42639,111.02222,Asia/Jakarta,26.42211187214612,81.04440639269406,2915.9,2915.9,1484.43,0.43454589041095887,0.44400890410958904,0.4460208904109589,8760,0.4415252283105022
2022,Jawa Timur,Bojonegoro,-7.1502,111.8817,Asia/Jakarta,26.535228310502283,81.67100456621004,2979.8,2979.8,1455.35,0.4289565068493151,0.43778333333333336,0.44315159817351596,8760,0.4366304794520548
2022,Jawa Timur,Jember,-8.17211,113.69953,Asia/Jakarta,26.090091324200916,82.48093607305935,2742.0,2742.0,1359.7,0.30460936073059364,0.3030236301369863,0.29815764840182646,8760,0.3019302130898021
2022,Jawa Timur,Lamongan,-7.11667,112.41667,Asia/Jakarta,27.085445205479452,80.41849315068494,2564.9,2564.9,1490.47,0.4270574200913242,0.43155536529680366,0.43227534246575344,8760,0.43029604261796045
2022,Jawa Timur,Ngawi,-7.4038,111.4461,Asia/Jakarta,26.3085502283105,81.50856164383562,3314.2,3314.2,1512.3,0.4236565068493151,0.4261550228310502,0.4238883561643836,8760,0.4245666286149163
2022,Jawa Timur,Tuban,-6.8976,112.0649,Asia/Jakarta,26.348584474885847,82.73481735159817,2741.0,2741.0,1469.7,0.3558986301369863,0.35478173515981737,0.361525,8760,0.35740178843226794
2022,Kalimantan Barat,Kubu Raya,-0.12694,109.40389,Asia/Pontianak,25.650262557077625,91.21940639269407,4054.7,4054.7,1223.08,0.3962107305936073,0.4005180365296804,0.3989203196347032,8760,0.398549695585997
2022,Kalimantan Barat,Landak,0.38333,109.95,Asia/Pontianak,25.34186073059361,91.23173515981735,4157.1,4157.1,1234.4,0.3924368721461187,0.39439292237442924,0.3952764840182648,8760,0.39403542617960424
2022,Kalimantan Barat,Mempawah,0.37102,108.97013,Asia/Pontianak,26.070296803652965,88.29269406392694,3410.4,3410.4,1238.38,0.39047625570776257,0.3900029680365297,0.3907028538812785,8760,0.3903940258751903
2022,Kalimantan Barat,Sambas,1.33333,109.25,Asia/Pontianak,25.532522831050226,90.47990867579908,3616.1,3616.1,1185.0,0.2868434931506849,0.28884554794520545,0.2834748858447489,8760,0.28638797564687973
2022,Kalimantan Barat,Sanggau,0.13333,110.6,Asia/Pontianak,25.668561643835616,90.12340182648401,4158.4,4158.4,1270.33,0.40511255707762556,0.40600536529680364,0.40744965753424656,8760,0.4061891933028919
2022,Kalimantan Selatan,Banjar,-3.4109,114.8642,Asia/Makassar,26.021552511415525,87.55171232876712,3851.1,3851.1,1251.54,0.5766105022831051,0.5831553652968037,0.5835321917808219,8760,0.5810993531202436
2022,Kalimantan Selatan,Barito Kuala,-3.0136,114.7687,Asia/Makassar,25.99727168949772,89.87442922374429,4194.3,4194.3,1234.0,0.4023504566210046,0.4043829908675799,0.4041283105022831,8760,0.4036205859969559
2022,Kalimantan Selatan,Hulu Sungai Selatan,-2.7837,115.2772,Asia/Makassar,25.454292237442925,89.77009132420092,4123.5,4123.5,1218.9,0.41586792237442927,0.41820068493150686,0.41640867579908675,8760,0.4168257610350076
2022,Kalimantan Selatan,Tanah Laut,-3.7987,114.7788,Asia/Makassar,25.789623287671233,87.00730593607305,3374.7,3374.7,1256.82,0.46844429223744294,0.4768535388127854,0.4780455479452055,8760,0.4744477929984779
2022,Kalimantan Selatan,Tapin,-2.9334,115.1621,Asia/Makassar,25.703824200913242,88.37408675799087,3864.6,3864.6,1230.4,0.43509315068493154,0.4404763698630137,0.43980171232876714,8760,0.4384570776255708
2022,Kalimantan Tengah,Barito Timur,-2.1236,115.1958,Asia/Pontianak,25.667100456621004,89.95993150684932,4849.8,4849.8,1255.03,0.5083570776255708,0.5137042237442923,0.5148787671232876,8760,0.5123133561643836
2022,Kalimantan Tengah,Kapuas,-3.0013,114.3916,Asia/Jakarta,26.23472602739726,87.71118721461187,3857.5,3857.5,1262.47,0.4261761415525114,0.4279931506849315,0.4253109589041096,8760,0.42649341704718413
2022,Kalimantan Tengah,Kotawaringin Timur,-2.5315,112.9496,Asia/Pontianak,26.176974885844746,87.36232876712329,3871.5,3871.5,1287.61,0.28608105022831054,0.28521678082191776,0.27682773972602737,8760,0.28270852359208526
2022,Kalimantan Tengah,Pulang Pisau,-2.7671,114.2406,Asia/Pontianak,25.933447488584473,90.31666666666666,4009.2,4009.2,1251.43,0.4013350456621005,0.40399257990867576,0.40401529680365295,8760,0.4031143074581431
2022,Kalimantan Tengah,Seruyan,-3.39228,112.55049,Asia/Pontianak,26.893675799086758,84.7535388127854,3222.4,3222.4,1357.96,0.2895359589041096,0.28857773972602735,0.2781187214611872,8760,0.28541080669710805
2022,Kalimantan Timur,Berau,2.15281,117.49672,Asia/Makassar,25.78599315068493,90.94383561643835,4399.5,4399.5,1284.3,0.4136191780821918,0.41450970319634706,0.4145993150684931,8760,0.41424273211567736
2022,Kalimantan Timur,Kutai Kartanegara,-0.42366,116.98895,Asia/Makassar,25.835068493150686,89.96792237442922,4183.5,4183.5,1248.8,0.4098343607305936,0.41134166666666666,0.41313915525114153,8760,0.41143839421613393
2022,Kalimantan Timur,Kutai Timur,0.5049,117.5279,Asia/Makassar,25.78295662100457,89.08344748858447,4334.8,4334.8,1299.03,0.40496529680365295,0.40663356164383563,0.40564052511415527,8760,0.40574646118721464
2022,Kalimantan Timur,Paser,-1.91013,116.202,Asia/Makassar,25.80412100456621,89.94885844748859,4106.7,4106.7,1257.58,0.40584726027397255,0.40640901826484016,0.4068364155251142,8760,0.40636423135464234
2022,Kalimantan Timur,Penajam Paser Utara,-1.24919,116.76968,Asia/Makassar,26.366495433789954,87.89611872146119,3901.2,3901.2,1294.11,0.4382930365296804,0.4412348173515982,0.4432038812785388,8760,0.4409105783866058
2022,Kalimantan Utara,Bulungan,2.8375,117.36528,Asia/Makassar,25.712431506849313,90.62682648401827,4957.2,4957.2,1281.77,0.4165085616438356,0.4174568493150685,0.4183889269406393,8760,0.41745144596651446
2022,Kalimantan Utara,Malinau,3.58855,116.62391,Asia/Makassar,25.6976598173516,90.33059360730594,6511.8,6511.8,1321.92,0.4792549086757991,0.4855970319634703,0.49058892694063927,8760,0.48514695585996953
2022,Kalimantan Utara,Nunukan,4.13841,117.6507,Asia/Makassar,25.873002283105023,89.97979452054794,5160.5,5160.5,1288.53,0.46324109589041096,0.46892248858447483,0.4733180365296803,8760,0.4684938736681887
2022,Kalimantan Utara,Tana Tidung,3.60815,116.90668,Asia/Makassar,25.945924657534245,89.82716894977169,5852.1,5852.1,1282.91,0.39556883561643835,0.3989062785388128,0.3965599315068493,8760,0.3970116818873668
2022,Kalimantan Utara,Tarakan,3.31332,117.59152,Asia/Makassar,26.50406392694064,87.65114155251142,5085.7,5085.7,1407.13,0.40737636986301373,0.4099640410958904,0.40890844748858446,8760,0.4087496194824962
2022,Kepulauan Bangka Belitung,Bangka,-1.85442,106.12215,Asia/Jakarta,26.266426940639267,87.56780821917808,2747.2,2747.2,1292.49,0.3869021689497717,0.38804589041095894,0.38050205479452054,8760,0.38515003805175035
2022,Kepulauan Bangka Belitung,Bangka Barat,-2.06719,105.16228,Asia/Jakarta,26.525673515981733,86.587100456621,2679.4,2679.4,1308.27,0.37241301369863017,0.36996484018264836,0.3699167808219178,8760,0.3707648782343988
2022,Kepulauan Bangka Belitung,Bangka Selatan,-3.0,106.5,Asia/Jakarta,26.22978310502283,87.06130136986302,3434.7,3434.7,1281.66,0.30267100456621004,0.30090639269406394,0.2915138127853881,8760,0.29836373668188737
2022,Kepulauan Bangka Belitung,Belitung,-2.73353,107.63477,Asia/Jakarta,26.59686073059361,85.89748858447489,2604.6,2604.6,1281.55,0.28180068493150684,0.2804867579908676,0.26960605022831047,8760,0.2772978310502283
2022,Kepulauan Bangka Belitung,Belitung Timur,-2.88333,108.26667,Asia/Jakarta,26.895662100456622,83.71244292237444,2338.1,2338.1,1346.81,0.41996255707762553,0.4240329908675799,0.42274440639269406,8760,0.42224665144596657
2022,Kepulauan Riau,Batam,1.14937,104.02491,Asia/Jakarta,27.04783105022831,83.89417808219179,2402.6,2402.6,1393.58,0.2592464611872146,0.2589010273972603,0.25265376712328763,8760,0.25693375190258755
2022,Kepulauan Riau,Bintan,1.1,104.525,Asia/Pontianak,26.54279680365297,85.53276255707763,2759.3,2759.3,1359.45,0.2644497716894977,0.2626574200913242,0.25875456621004567,8760,0.26195391933028916
2022,Kepulauan Riau,Karimun,-6.5194,106.2899,Asia/Jakarta,25.258002283105025,84.70993150684932,3154.3,3154.3,1291.48,0.4004171232876712,0.40037111872146114,0.4007066210045662,8760,0.40049828767123286
2022,Kepulauan Riau,Lingga,-10.5684,121.8988,Asia/Makassar,26.61904109589041,77.30787671232876,1398.0,1398.0,1681.76,0.33380981735159815,0.35665285388127854,0.37552831050228314,8760,0.35533032724505326
2022,Kepulauan Riau,Natuna,3.9384,108.38401,Asia/Jakarta,26.70414383561644,84.3134703196347,2354.1,2354.1,1307.57,0.2863551369863014,0.2857095890410959,0.27608961187214615,8760,0.2827181126331811
2022,Lampung,Lampung Selatan,-5.73805,105.5916,Asia/Jakarta,26.8100799086758,83.26837899543379,2079.7,2079.7,1354.99,0.4658099315068493,0.46432968036529676,0.4712672374429224,8760,0.4671356164383562
2022,Lampung,Lampung Tengah,-4.9753,105.21396,Asia/Jakarta,25.83219178082192,86.62009132420091,3653.1,3653.1,1340.54,0.4691413242009132,0.4751704337899544,0.4771099315068493,8760,0.47380722983257223
2022,Lampung,Lampung Timur,-5.06446,105.54869,Asia/Jakarta,25.946506849315067,86.44497716894978,3244.8,3244.8,1314.93,0.4708755707762557,0.4783777397260274,0.48320433789954337,8760,0.47748588280060883
2022,Lampung,Lampung Utara,-4.82505,104.8817,Asia/Jakarta,25.713995433789954,88.28093607305937,3538.0,3538.0,1342.4,0.4703336757990867,0.4753622146118721,0.47664155251141554,8760,0.4741124809741248
2022,Lampung,Tulang Bawang,-4.47131,105.25214,Asia/Jakarta,26.173607305936073,86.55719178082192,3557.9,3557.9,1337.23,0.44026986301369864,0.4449795662100457,0.4459994292237443,8760,0.4437496194824962
2022,Maluku,Buru,-3.26194,127.09292,Asia/Jayapura,26.422317351598174,85.86563926940639,2343.2,2343.2,1431.56,0.3419513698630137,0.3408834474885845,0.3357917808219178,8760,0.33954219939117203
2022,Maluku,Maluku Tengah,-3.29833,128.96883,Asia/Jayapura,26.08969178082192,85.88995433789954,2988.5,2988.5,1285.0,0.3428349315068493,0.34511415525114153,0.3394041095890411,8760,0.34245106544901066
2022,Maluku,Maluku Tenggara,-5.66689,132.73763,Asia/Jayapura,27.01832191780822,83.46038812785388,2879.5,2879.5,1432.14,0.26400890410958905,0.25843219178082194,0.24036906392694063,8760,0.2542700532724505
2022,Maluku,Seram Bagian Barat,-3.0618,128.1945,Asia/Jayapura,26.159634703196346,87.77111872146119,3349.8,3349.8,1258.06,0.4095748858447488,0.41013127853881276,0.4106898401826484,8760,0.41013200152206997
2022,Maluku,Seram Bagian Timur,-3.1112,130.4954,Asia/Jayapura,25.48398401826484,87.21050228310503,3524.8,3524.8,1339.74,0.29216084474885845,0.2904228310502283,0.2772170091324201,8760,0.2866002283105023
2022,Maluku Utara,Halmahera Barat,1.06504,127.46786,Asia/Jayapura,25.86769406392694,88.7574200913242,3681.1,3681.1,1296.8700000000001,0.40452146118721466,0.403462100456621,0.4022747716894977,8760,0.4034194444444445
2022,Maluku Utara,Halmahera Selatan,-0.62546,127.47808,Asia/Jayapura,26.312819634703196,91.15194063926941,5029.7,5029.7,1309.41,0.4245509132420091,0.42338938356164385,0.42315342465753425,8760,0.42369790715372907
2022,Maluku Utara,Halmahera Timur,0.7007,128.29198,Asia/Jayapura,25.985376712328765,88.29235159817351,3623.1,3623.1,1327.08,0.40904794520547944,0.40860844748858444,0.4077059360730593,8760,0.40845410958904105
2022,Maluku Utara,Halmahera Utara,1.72837,128.00948,Asia/Jayapura,26.574566210045663,88.37922374429223,5014.4,5014.4,1363.68,0.37273207762557076,0.3713019406392694,0.3670245433789955,8760,0.3703528538812786
2022,Maluku Utara,Tidore Kepulauan,0.65277,127.44533,Asia/Jayapura,26.501963470319637,85.85239726027397,3270.5,3270.5,1372.5,0.39386598173515985,0.3909543378995434,0.3870162100456621,8760,0.39061217656012176
2022,Nusa Tenggara Barat,Bima,-8.46006,118.72667,Asia/Makassar,26.85974885844749,83.86210045662101,2038.1,2038.1,1435.99,0.3692485159817352,0.373086301369863,0.37509874429223744,8760,0.3724778538812785
2022,Nusa Tenggara Barat,Dompu,-8.5365,118.4634,Asia/Makassar,26.233447488584474,84.39292237442922,1843.6,1843.6,1405.39,0.35184018264840183,0.34909703196347036,0.35735011415525114,8760,0.3527624429223744
2022,Nusa Tenggara Barat,Lombok Tengah,-8.70536,116.27036,Asia/Makassar,25.659874429223745,83.54908675799086,2306.4,2306.4,1429.15,0.43331997716894977,0.43480342465753424,0.4350986301369863,8760,0.4344073439878235
2022,Nusa Tenggara Barat,Lombok Timur,-8.6503,116.5318,Asia/Makassar,25.313527397260273,81.58424657534246,2780.2,2780.2,1418.95,0.4166923515981735,0.4082920091324201,0.41469920091324197,8760,0.41322785388127853
2022,Nusa Tenggara Barat,Sumbawa,-8.49317,117.42024,Asia/Makassar,26.908002283105024,78.78938356164383,1628.8,1628.8,1609.94,0.2970350456621005,0.28958915525114154,0.28917625570776256,8760,0.2919334855403349
2022,Nusa Tenggara Timur,Belu,-9.10611,124.8925,Asia/Makassar,24.97003424657534,78.3521689497717,2344.6,2344.6,1524.13,0.31206609589041095,0.3141301369863014,0.31087842465753424,8760,0.3123582191780822
2022,Nusa Tenggara Timur,Kupang,-10.0642,123.8787,Asia/Makassar,26.62238584474886,77.53401826484018,1667.7,1667.7,1646.65,0.2836254566210046,0.2793754566210046,0.2786035388127854,8760,0.2805348173515982
2022,Nusa Tenggara Timur,Manggarai,-8.61139,120.46444,Asia/Makassar,19.810924657534247,88.08698630136986,1928.1,1928.1,1198.31,0.3515700913242009,0.35303150684931506,0.34598607305936074,8760,0.35019589041095894
2022,Nusa Tenggara Timur,Sumba Timur,-9.6567,120.2641,Asia/Makassar,26.475422374429225,78.45285388127854,1450.4,1450.4,1623.19,0.28490228310502286,0.28023915525114157,0.2866283105022831,8760,0.2839232496194825
2022,Nusa Tenggara Timur,Timor Tengah Selatan,-9.86071,124.28395,Asia/Makassar,21.832602739726028,79.64680365296803,1439.7,1439.7,1473.67,0.30454394977168947,0.3099835616438356,0.32588972602739724,8760,0.31347241248097407
2022,Papua,Biak Numfor,-1.1767,136.082,Asia/Jayapura,26.35388127853881,89.37659817351599,4032.0,4032.0,1312.35,0.40206655251141554,0.40191929223744294,0.3955311643835617,8760,0.39983900304414005
2022,Papua,Jayapura,-2.5691,140.5127,Asia/Jayapura,26.21884703196347,88.66586757990868,3839.8,3839.8,1322.58,0.3369672374429224,0.33519954337899543,0.3288924657534247,8760,0.3336864155251142
2022,Papua,Keerom,-2.9028,140.7657,Asia/Jayapura,25.797614155251143,88.93835616438356,4530.8,4530.8,1310.91,0.46808961187214615,0.47125194063926945,0.4742340182648402,8760,0.4711918569254186
2022,Papua,Kota Jayapura,-2.53371,140.71812,Asia/Jayapura,26.711575342465753,88.32979452054795,4905.3,4905.3,1345.99,0.5737945205479451,0.5745469178082192,0.5758297945205479,8760,0.5747237442922374
2022,Papua,Sarmi,-1.85302,138.75093,Asia/Jayapura,26.20980593607306,89.00308219178082,3753.9,3753.9,1370.6,0.4465428082191781,0.4445684931506849,0.4395560502283105,8760,0.4435557838660578
2022,Papua Barat,Fakfak,-2.92481,132.29813,Asia/Jayapura,26.025205479452055,89.99760273972603,3059.0,3059.0,1219.72,0.40893744292237444,0.41001472602739725,0.40379600456621006,8760,0.40758272450532723
2022,Papua Barat,Kaimana,-3.6635,133.7649,Asia/Jayapura,26.262682648401828,88.46872146118722,2688.6,2688.6,1336.91,0.41080730593607306,0.41166084474885845,0.41269041095890413,8760,0.4117195205479452
2022,Papua Barat,Manokwari,-0.86291,134.06403,Asia/Jayapura,26.13397260273973,86.05422374429224,2707.3,2707.3,1384.47,0.47186312785388124,0.47198949771689497,0.4735925799086758,8760,0.47248173515981734
2022,Papua Barat,Manokwari Selatan,-1.5083,134.1708,Asia/Jayapura,26.320753424657532,85.31986301369864,2458.9,2458.9,1363.9,0.39325616438356165,0.3912171232876712,0.39238550228310504,8760,0.3922862633181126
2022,Papua Barat,Teluk Bintuni,-2.10967,133.52461,Asia/Jayapura,25.31422374429224,89.50102739726027,3953.5,3953.5,1338.25,0.4479349315068493,0.4508010273972603,0.45053824200913245,8760,0.4497580669710807
2022,Papua Barat Daya,Maybrat,-1.25667,132.49973,Asia/Jayapura,23.326084474885846,90.62716894977169,4793.9,4793.9,1285.66,0.47472614155251136,0.4855730593607306,0.4843003424657534,8760,0.48153318112633176
2022,Papua Barat Daya,Raja Ampat,-0.2379,130.5072,Asia/Jayapura,25.36835616438356,89.99417808219178,4425.5,4425.5,1343.71,0.42984977168949773,0.4308869863013699,0.4294224885844749,8760,0.4300530821917808
2022,Papua Barat Daya,Sorong,-0.95698,131.33534,Asia/Jayapura,25.345890410958905,90.05091324200913,4198.2,4198.2,1349.29,0.3809614155251142,0.3819441780821918,0.3778891552511416,8760,0.38026491628614917
2022,Papua Barat Daya,Sorong Selatan,-1.4416,132.01428,Asia/Jayapura,25.51172374429224,90.21963470319635,4602.5,4602.5,1334.0,0.41220513698630135,0.4145579908675799,0.4129533105022831,8760,0.4132388127853881
2022,Papua Barat Daya,Tambrauw,-0.80889,132.43222,Asia/Jayapura,23.542374429223745,90.46746575342466,5005.1,5005.1,1298.51,0.415687100456621,0.4175624429223744,0.4193632420091324,8760,0.4175375951293759
2022,Papua Pegunungan,Jayawijaya,-4.09583,138.94806,Asia/Jayapura,18.028093607305937,80.41221461187214,3534.7,3534.7,1305.95,0.41007271689497715,0.4111574200913242,0.4114909817351598,8760,0.41090703957382035
2022,Papua Pegunungan,Lanny Jaya,-3.92361,138.45473,Asia/Jayapura,15.895011415525113,87.02134703196347,3079.1,3079.1,1325.69,0.4082373287671233,0.40932431506849315,0.4116100456621004,8760,0.40972389649923896
2022,Papua Pegunungan,Mamberamo Tengah,-3.66417,139.065,Asia/Jayapura,20.98335616438356,91.2384703196347,4892.8,4892.8,1290.04,0.403975,0.4043010273972603,0.40585468036529676,8760,0.4047102359208523
2022,Papua Pegunungan,Tolikara,-3.6994,138.4579,Asia/Jayapura,17.15697488584475,85.83276255707763,3865.2,3865.2,1206.98,0.4209761415525114,0.4223428082191781,0.4232546803652968,8760,0.4221912100456621
2022,Papua Pegunungan,Yahukimo,-4.85614,139.48105,Asia/Jayapura,25.26746575342466,90.34634703196348,7191.0,7191.0,1272.43,0.4723158675799087,0.47742831050228307,0.4767686073059361,8760,0.4755042617960426
2022,Papua Selatan,Asmat,-5.54505,138.13522,Asia/Jayapura,26.20700913242009,89.34554794520548,4501.5,4501.5,1307.76,0.402985502283105,0.40555627853881276,0.4013415525114155,8760,0.4032944444444444
2022,Papua Selatan,Boven Digoel,-6.09756,140.30649,Asia/Jayapura,25.946324200913242,88.5041095890411,5402.5,5402.5,1276.3,0.47465205479452055,0.48138538812785386,0.48486381278538815,8760,0.48030041856925415
2022,Papua Selatan,Mappi,-6.52461,139.32224,Asia/Jayapura,26.10133561643836,88.69954337899543,4046.7,4046.7,1239.57,0.5716877853881278,0.5774076484018265,0.5783237442922374,8760,0.5758063926940639
2022,Papua Selatan,Merauke,-8.49958,140.40613,Asia/Jayapura,26.44708904109589,85.73664383561643,2933.5,2933.5,1381.19,0.5421954337899543,0.5459388127853881,0.5421673515981735,8760,0.5434338660578387
2022,Papua Tengah,Deiyai,-3.96667,136.26666,Asia/Jayapura,17.806529680365298,89.5615296803653,3241.8,3241.8,1135.01,0.41591735159817356,0.41989737442922376,0.4144995433789954,8760,0.4167714231354642
2022,Papua Tengah,Dogiyai,-3.96139,135.9436,Asia/Jayapura,18.09779680365297,89.93710045662101,3244.7,3244.7,1161.01,0.4178810502283105,0.41916312785388127,0.4205949771689497,8760,0.4192130517503805
2022,Papua Tengah,Mimika,-4.61407,136.67679,Asia/Jayapura,25.41457762557078,91.48287671232876,5946.6,5946.6,1216.09,0.40015182648401826,0.40196278538812785,0.3984044520547945,8760,0.4001730213089802
2022,Papua Tengah,Nabire,-3.35989,135.50073,Asia/Jayapura,26.175365296803655,88.76826484018265,2890.5,2890.5,1324.03,0.4055149543378996,0.4061593607305936,0.4075433789954338,8760,0.406405898021309
2022,Papua Tengah,Paniai,-3.93032,136.37651,Asia/Jayapura,16.787363013698627,90.70570776255708,3810.2,3810.2,1058.58,0.3969680365296804,0.40409098173515984,0.4051135844748859,8760,0.40205753424657537
2022,Riau,Indragiri Hilir,-0.3227,103.1603,Asia/Jakarta,26.241061643835618,88.80627853881279,3064.5,3064.5,1312.77,0.4058302511415525,0.4067771689497717,0.40678036529680367,8760,0.40646259512937594
2022,Riau,Kampar,0.33833,101.02361,Asia/Jakarta,25.850536529680365,87.49611872146119,3412.5,3412.5,1340.59,0.4637851598173516,0.46955011415525116,0.4752509132420092,8760,0.4695287290715373
2022,Riau,Rokan Hilir,2.15668,100.80763,Asia/Jakarta,26.522636986301368,86.57853881278538,3641.1,3641.1,1371.32,0.35239794520547946,0.35190239726027395,0.34901506849315067,8760,0.3511051369863014
2022,Riau,Rokan Hulu,0.86459,100.29547,Asia/Jakarta,25.79296803652968,86.55422374429224,3043.8,3043.8,1373.39,0.4681046803652968,0.4700664383561644,0.4702784246575343,8760,0.4694831811263318
2022,Riau,Siak,0.79317,102.0511,Asia/Jakarta,26.190844748858446,88.07534246575342,2860.1,2860.1,1310.07,0.3880004566210046,0.387337899543379,0.3855327625570776,8760,0.38695703957382044
2022,Sulawesi Barat,Majene,-3.5403,118.9707,Asia/Makassar,26.860239726027398,83.73082191780821,1850.3,1850.3,1462.25,0.36922648401826486,0.3642705479452055,0.3553832191780822,8760,0.36296008371385086
2022,Sulawesi Barat,Mamasa,-2.942,119.3776,Asia/Makassar,19.549965753424658,89.4324200913242,4487.2,4487.2,1154.38,0.43042374429223745,0.43401826484018263,0.43473641552511416,8760,0.43305947488584473
2022,Sulawesi Barat,Mamuju,-2.68056,118.88611,Asia/Makassar,26.725673515981736,85.01141552511416,2469.8,2469.8,1377.46,0.4088,0.4092285388127854,0.40987180365296805,8760,0.4093001141552512
2022,Sulawesi Barat,Mamuju Tengah,-2.08944,119.34722,Asia/Makassar,25.66205479452055,90.16769406392694,4385.4,4385.4,1343.38,0.4057579908675799,0.406536301369863,0.4089063926940639,8760,0.40706689497716897
2022,Sulawesi Barat,Polewali Mandar,-3.4324,119.3435,Asia/Makassar,26.656244292237446,84.97739726027397,2222.8,2222.8,1376.73,0.40402226027397264,0.40392271689497716,0.4058882420091324,8760,0.40461107305936067
2022,Sulawesi Selatan,Bone,-4.5386,120.3279,Asia/Makassar,26.457648401826486,83.52454337899543,3051.0,3051.0,1494.49,0.43799897260273973,0.43991860730593607,0.4445337899543379,8760,0.4408171232876712
2022,Sulawesi Selatan,Gowa,-5.1971,119.451,Asia/Makassar,26.536027397260273,84.53869863013699,3217.6,3217.6,1388.6200000000001,0.45540136986301366,0.45985136986301367,0.45860296803652967,8760,0.45795190258751894
2022,Sulawesi Selatan,Pinrang,-3.78611,119.65222,Asia/Makassar,26.159486301369864,84.59452054794521,3325.6,3325.6,1407.52,0.3805777397260274,0.3813611872146119,0.3798656392694064,8760,0.3806015220700152
2022,Sulawesi Selatan,Sidenreng Rappang,-3.9258194,119.7953,Asia/Makassar,26.39384703196347,84.17659817351598,2093.8,2093.8,1464.33,0.44343413242009133,0.44671894977168947,0.45054977168949767,8760,0.44690095129375945
2022,Sulawesi Selatan,Wajo,-4.1279,120.0297,Asia/Makassar,26.974212328767123,81.96038812785388,2226.7,2226.7,1487.14,0.35368641552511415,0.34568767123287675,0.3277082191780822,8760,0.34236076864535775
2022,Sulawesi Tengah,Banggai,-0.9516,122.7875,Asia/Makassar,26.67876712328767,89.47283105022831,3861.6,3861.6,1405.1200000000001,0.38299726027397263,0.3783607305936073,0.3732865296803653,8760,0.3782148401826484
2022,Sulawesi Tengah,Donggala,-0.6723,119.7402,Asia/Makassar,27.42269406392694,82.01141552511416,1980.0,1980.0,1409.85,0.4710817351598174,0.47690696347031963,0.47761689497716897,8760,0.4752018645357687
2022,Sulawesi Tengah,Parigi Moutong,-7.7015,108.496,Asia/Jakarta,25.567751141552513,86.712899543379,3208.5,3208.5,1248.38,0.397225,0.39530559360730594,0.3916662100456621,8760,0.39473226788432264
2022,Sulawesi Tengah,Poso,-1.3959,120.7524,Asia/Makassar,25.855011415525112,84.75148401826485,2648.8,2648.8,1336.18,0.4160094748858447,0.41696027397260277,0.41791244292237445,8760,0.41696073059360733
2022,Sulawesi Tengah,Sigi,-0.94982,119.91805,Asia/Makassar,25.98922374429224,88.07146118721461,3501.4,3501.4,1372.8,0.40100057077625567,0.40345821917808217,0.40262180365296807,8760,0.402360197869102
2022,Sulawesi Tenggara,Bombana,-4.62767,122.00472,Asia/Makassar,25.823641552511415,86.3945205479452,2068.2,2068.2,1448.97,0.32014874429223744,0.3190022831050228,0.3111917808219178,8760,0.31678093607305935
2022,Sulawesi Tenggara,Kolaka Timur,-3.9613,122.2861,Asia/Makassar,25.287762557077624,89.9513698630137,3070.1,3070.1,1337.84,0.4076135844748859,0.4090176940639269,0.41170559360730596,8760,0.40944562404870627
2022,Sulawesi Tenggara,Konawe,-3.8539,122.042,Asia/Makassar,25.182134703196347,89.31027397260274,3638.9,3638.9,1346.45,0.3935568493150685,0.396652397260274,0.3992555936073059,8760,0.3964882800608828
2022,Sulawesi Tenggara,Konawe Selatan,-4.3273,122.2522,Asia/Makassar,25.709634703196347,87.06244292237443,2922.0,2922.0,1365.93,0.4023173515981735,0.40356723744292233,0.40680445205479454,8760,0.4042296803652968
2022,Sulawesi Tenggara,Muna,-4.838,122.7209,Asia/Makassar,26.687922374429224,83.86004566210046,2139.2,2139.2,1414.35,0.39117945205479454,0.38986278538812785,0.3893632420091324,8760,0.39013515981735164
2022,Sulawesi Utara,Bolaang Mongondow,0.8755,124.0098,Asia/Makassar,26.04658675799087,88.12876712328767,3272.5,3272.5,1311.93,0.3616584474885845,0.36228413242009133,0.36164200913242006,8760,0.3618615296803653
2022,Sulawesi Utara,Bolaang Mongondow Utara,0.9083,123.2679,Asia/Makassar,26.04720319634703,87.84474885844749,4144.3,4144.3,1309.61,0.4136948630136986,0.4147115296803653,0.41518401826484014,8760,0.4145301369863013
2022,Sulawesi Utara,Minahasa,1.3054,124.91261,Asia/Makassar,22.02439497716895,90.58390410958904,2707.9,2707.9,1152.27,0.4727876712328767,0.4846385844748859,0.4829609589041096,8760,0.48012907153729073
2022,Sulawesi Utara,Minahasa Selatan,-1.1825,124.573,Asia/Makassar,27.759326484018267,78.00479452054795,3138.0,3138.0,1589.54,,,,8760,
2022,Sulawesi Utara,Minahasa Utara,1.42804,124.97774,Asia/Makassar,24.480947488584476,91.73264840182648,3775.0,3775.0,1238.78,0.29884132420091325,0.29774703196347035,0.2915043378995434,8760,0.29603089802130905
2022,Sumatera Barat,Agam,-0.32545,100.06462,Asia/Jakarta,25.42732876712329,86.16883561643836,3867.1,3867.1,1278.57,0.3754673515981735,0.37593618721461186,0.37948139269406395,8760,0.3769616438356164
2022,Sumatera Barat,Lima Puluh Kota,-0.1503,100.664,Asia/Jakarta,23.325958904109587,86.46495433789954,1975.7,1975.7,1287.67,0.38653698630136984,0.3871904109589041,0.3857466894977169,8760,0.3864913622526636
2022,Sumatera Barat,Pasaman Barat,0.09703,99.82339,Asia/Jakarta,24.88208904109589,87.2,3677.4,3677.4,1269.6200000000001,0.4530807077625571,0.4548002283105023,0.4617084474885845,8760,0.456529794520548
2022,Sumatera Barat,Solok,-0.95221,100.621,Asia/Jakarta,20.59640410958904,86.44041095890411,2420.0,2420.0,1155.36,0.4186549086757991,0.4221842465753424,0.4245058219178082,8760,0.4217816590563166
2022,Sumatera Barat,Tanah Datar,-0.4606,100.6107,Asia/Jakarta,23.86835616438356,84.15114155251142,2408.9,2408.9,1326.39,0.3877066210045662,0.38835787671232874,0.38630308219178083,8760,0.38745585996955856
2022,Sumatera Selatan,Banyuasin,-2.8812,104.3943,Asia/Jakarta,26.15496575342466,87.05456621004566,3380.8,3380.8,1325.76,0.44679166666666664,0.44889497716894977,0.44867100456621006,8760,0.4481192161339422
2022,Sumatera Selatan,Muara Enim,-3.6486,103.771,Asia/Jakarta,26.04785388127854,86.00582191780822,3498.5,3498.5,1396.11,0.4663466894977169,0.4711359589041096,0.4761727168949772,8760,0.4712184550989346
2022,Sumatera Selatan,Musi Banyuasin,-2.8819,103.8344,Asia/Jakarta,26.089874429223745,88.02785388127855,3691.4,3691.4,1359.13,0.45245799086757993,0.45716803652968035,0.46203207762557075,8760,0.4572193683409436
2022,Sumatera Selatan,Ogan Komering Ilir,-3.392,104.8306,Asia/Jakarta,25.995650684931505,88.625799086758,3616.4,3616.4,1295.83,0.40441187214611873,0.4043167808219178,0.4036519406392694,8760,0.4041268645357687
2022,Sumatera Selatan,Ogan Komering Ulu Timur,-3.4109,114.8642,Asia/Makassar,26.021552511415525,87.55171232876712,3851.1,3851.1,1251.54,0.5766105022831051,0.5831553652968037,0.5835321917808219,8760,0.5810993531202436
2022,Sumatera Utara,Deli Serdang,3.5592,98.8733,Asia/Jakarta,25.636689497716894,90.36369863013698,4742.4,4742.4,1278.96,0.4049142694063927,0.40471632420091325,0.40416495433789956,8760,0.40459851598173513
2022,Sumatera Utara,Langkat,3.73335,98.45025,Asia/Jakarta,25.823664383561642,90.09326484018266,4648.9,4648.9,1274.81,0.3924695205479452,0.39007488584474886,0.381797602739726,8760,0.38811400304414007
2022,Sumatera Utara,Mandailing Natal,0.8651,99.5528,Asia/Jakarta,25.00912100456621,86.48949771689497,2578.3,2578.3,1338.64,0.3917227168949772,0.3921229452054794,0.39682374429223743,8760,0.39355646879756473
2022,Sumatera Utara,Serdang Bedagai,3.4845,99.1366,Asia/Jakarta,25.719668949771687,90.05867579908676,4226.7,4226.7,1270.33,0.5181519406392695,0.520474200913242,0.5217317351598173,8760,0.5201192922374429
2022,Sumatera Utara,Simalungun,2.9658,98.8473,Asia/Jakarta,20.43178082191781,89.76632420091325,3553.0,3553.0,1152.15,0.3995208904109589,0.39972020547945203,0.3899485159817352,8760,0.3963965372907154
2023,Aceh,Aceh Besar,5.187659,95.715548,Asia/Jakarta,23.557237442922375,85.7519406392694,3257.2,3257.2,1242.41,0.3865407534246575,0.38761255707762554,0.38818116438356165,8760,0.38744482496194826
2023,Aceh,Aceh Timur,4.94952,97.77267,Asia/Jakarta,26.934406392694065,82.7623287671233,2230.7,2230.7,1394.86,0.37681700913242006,0.3605582191780822,0.33944657534246575,8760,0.358940601217656
2023,Aceh,Aceh Utara,5.051701,97.318123,Asia/Jakarta,26.280753424657533,87.39509132420092,2802.7,2802.7,1325.15,0.34246449771689497,0.3245175799086758,0.30688504566210045,8760,0.32462237442922376
2023,Aceh,Bireuen,5.203,96.701,Asia/Jakarta,26.11093607305936,85.81495433789955,2198.7,2198.7,1362.76,0.37350525114155253,0.36834212328767124,0.3618650684931507,8760,0.36790414764079155
2023,Aceh,Pidie,5.3807,95.9549,Asia/Jakarta,26.4999200913242,84.85205479452055,2546.6,2546.6,1402.94,0.2849062785388128,0.2727025114155251,0.2619592465753425,8760,0.27318934550989343
2023,Bali,Badung,-8.54389,115.17,Asia/Makassar,25.163801369863013,84.78481735159818,2320.5,2320.5,1476.79,0.291550799086758,0.28446826484018267,0.3027044520547945,8760,0.2929078386605784
2023,Bali,Buleleng,-8.112,115.08818,Asia/Makassar,26.897397260273973,77.71849315068494,1584.4,1584.4,1561.91,0.19832876712328765,0.19115753424657533,0.19613002283105022,8760,0.19520544140030438
2023,Bali,Gianyar,-8.5435,115.3272,Asia/Makassar,25.294018264840183,84.19600456621005,1849.4,1849.4,1496.54,0.19889417808219179,0.18369189497716895,0.18612842465753424,8760,0.189571499238965
2023,Bali,Karangasem,-8.45,115.61667,Asia/Makassar,25.020593607305937,83.6417808219178,1905.1,1905.1,1482.38,0.18065136986301372,0.1733134703196347,0.1724275114155251,8760,0.17546411719939115
2023,Bali,Tabanan,-8.5413,115.12522,Asia/Makassar,25.163801369863013,84.78481735159818,2320.5,2320.5,1476.52,0.29190102739726026,0.27743527397260276,0.2914111872146119,8760,0.2869158295281583
2023,Banten,Cilegon,-6.0144,106.0542,Asia/Jakarta,27.251255707762557,77.45901826484018,1355.4,1355.4,1598.65,0.32384680365296803,0.313352397260274,0.32381586757990866,8760,0.32033835616438355
2023,Banten,Lebak,-6.3591,106.2494,Asia/Jakarta,26.917271689497717,79.63881278538813,1956.0,1956.0,1532.9,0.31992454337899545,0.3098231735159817,0.31426084474885846,8760,0.3146695205479452
2023,Banten,Pandeglang,-6.3084,106.1067,Asia/Jakarta,25.666164383561643,79.2453196347032,1746.4,1746.4,1418.6200000000001,0.3950408675799087,0.3854373287671233,0.3753497716894977,8760,0.38527598934550983
2023,Banten,Serang,-6.125,106.23278,Asia/Jakarta,27.1889497716895,79.39406392694065,1964.2,1964.2,1532.95,0.3205769406392694,0.3111683789954338,0.3193005707762557,8760,0.317015296803653
2023,Banten,Tangerang,-6.22806,106.51389,Asia/Jakarta,26.965011415525115,79.96118721461187,2177.4,2177.4,1524.2,0.3003465753424658,0.295462899543379,0.3014005707762557,8760,0.29907001522070015
2023,Bengkulu,Bengkulu Selatan,-4.4651,102.90386,Asia/Jakarta,25.642762557077628,87.51940639269407,2769.9,2769.9,1322.18,0.3607065068493151,0.3553858447488584,0.3604824200913242,8760,0.3588582572298326
2023,Bengkulu,Kaur,-4.79371,103.34836,Asia/Jakarta,25.88577625570776,85.52922374429224,1907.4,1907.4,1394.28,0.3507278538812786,0.3462678082191781,0.35043721461187216,8760,0.349144292237443
2023,Bengkulu,Mukomuko,-2.5689,101.1118,Asia/Jakarta,25.89087899543379,87.84623287671234,2827.2,2827.2,1360.89,0.3445253424657534,0.3335099315068493,0.33444737442922373,8760,0.3374942161339422
2023,Bengkulu,Rejang Lebong,-3.4703,102.5207,Asia/Jakarta,22.321689497716896,91.07694063926941,3491.7,3491.7,1265.18,0.388177397260274,0.38668504566210044,0.3810477168949772,8760,0.38530338660578395
2023,Bengkulu,Seluma,-4.07543,102.57739,Asia/Jakarta,25.957408675799087,86.46518264840182,2735.9,2735.9,1374.57,0.37001004566210044,0.36710536529680365,0.3713904109589041,8760,0.3695019406392694
2023,DI Yogyakarta,Bantul,-7.88806,110.32889,Asia/Jakarta,25.709166666666665,81.77271689497717,1775.5,1775.5,1525.71,0.25051381278538815,0.24139429223744294,0.24905102739726026,8760,0.2469863774733638
2023,DI Yogyakarta,Gunungkidul,-7.96556,110.60361,Asia/Jakarta,25.12042237442922,81.53858447488585,1502.8,1502.8,1527.02,0.32818287671232876,0.3291853881278539,0.3421729452054795,8760,0.33318040334855403
2023,DI Yogyakarta,Kulon Progo,-7.85722,110.15694,Asia/Jakarta,25.899954337899544,84.05022831050228,2126.2,2126.2,1437.92,0.2766568493150685,0.2683691780821918,0.27754805936073057,8760,0.2741913622526636
2023,DI Yogyakarta,Sleman,-7.71556,110.35556,Asia/Jakarta,24.76437214611872,81.71404109589041,2230.2,2230.2,1400.43,0.1832558219178082,0.1743744292237443,0.17477077625570775,8760,0.17746700913242008
2023,DI Yogyakarta,Yogyakarta,-7.80139,110.36472,Asia/Jakarta,25.800456621004567,80.10319634703197,1849.6,1849.6,1488.07,0.17902990867579907,0.16948139269406393,0.17194874429223744,8760,0.17348668188736682
2023,DKI Jakarta,Jakarta Barat,-6.168329,106.75885,Asia/Jakarta,27.031997716894974,79.93207762557077,1980.4,1980.4,1532.9,0.38322545662100455,0.3813107305936073,0.37914794520547945,8760,0.3812280441400304
2023,DKI Jakarta,Jakarta Selatan,-6.26149,106.8106,Asia/Jakarta,27.126084474885843,78.32397260273973,2046.2,2046.2,1553.86,0.4058215753424657,0.4010262557077625,0.3936659817351598,8760,0.40017127092846266
2023,DKI Jakarta,Jakarta Timur,-6.225,106.900444,Asia/Jakarta,27.278333333333336,78.325,2017.3,2017.3,1569.28,0.3331930365296804,0.3318441780821918,0.3358010273972603,8760,0.33361274733637747
2023,DKI Jakarta,Jakarta Utara,-6.145138,106.899452,Asia/Jakarta,27.281164383561645,78.59280821917808,1752.0,1752.0,1562.5,0.3331930365296804,0.3318441780821918,0.3358010273972603,8760,0.33361274733637747
2023,DKI Jakarta,Kepulauan Seribu,-5.74583,106.61389,Asia/Jakarta,27.834771689497718,77.53607305936073,1745.2,1745.2,1671.26,,,,8760,
2023,Gorontalo,Boalemo,0.5273,122.3463,Asia/Makassar,26.72812785388128,87.4222602739726,2896.1,2896.1,1454.56,0.37061164383561646,0.3654441780821918,0.3665543378995434,8760,0.36753671993911724
2023,Gorontalo,Bone Bolango,0.5325,123.14694,Asia/Makassar,26.74428082191781,77.15582191780823,1206.9,1206.9,1575.1,0.35554577625570777,0.3538404109589041,0.3597471461187215,8760,0.35637777777777774
2023,Gorontalo,Gorontalo,0.627,122.9778,Asia/Makassar,26.907237442922373,82.38436073059361,2090.8,2090.8,1516.48,0.3551134703196347,0.3535934931506849,0.36171426940639273,8760,0.35680707762557073
2023,Gorontalo,Gorontalo Utara,0.8348,122.915,Asia/Makassar,27.476666666666667,80.24908675799087,1593.6,1593.6,1588.74,0.33696004566210047,0.33661655251141553,0.3483384703196347,8760,0.34063835616438354
2023,Gorontalo,Pohuwato,0.4655,121.9386,Asia/Makassar,27.609543378995433,76.43184931506849,1148.6,1148.6,1653.28,0.3359106164383561,0.327863698630137,0.33245285388127854,8760,0.3320757229832572
2023,Jambi,Batanghari,-1.71327,103.25902,Asia/Jakarta,26.408344748858447,85.68584474885844,2981.1,2981.1,1400.74,0.36320490867579913,0.3591424657534247,0.3605260273972603,8760,0.36095780060882804
2023,Jambi,Kerinci,-1.94667,101.33417,Asia/Jakarta,21.26884703196347,90.14988584474885,3079.8,3079.8,1299.42,0.4087141552511415,0.40926084474885843,0.4091899543378995,8760,0.40905498477929986
2023,Jambi,Merangin,-2.0796,102.2573,Asia/Jakarta,25.988207762557078,84.53310502283105,3089.5,3089.5,1441.16,0.3728115296803653,0.37165970319634706,0.36313356164383565,8760,0.369201598173516
2023,Jambi,Muaro Jambi,-1.4772,103.50765,Asia/Jakarta,26.385970319634705,86.92020547945205,2530.6,2530.6,1367.23,0.3779678082191781,0.3751763698630137,0.3731291095890411,8760,0.3754244292237443
2023,Jambi,Tanjung Jabung Timur,-1.13612,103.84987,Asia/Jakarta,26.42921232876712,87.28413242009132,2897.0,2897.0,1358.75,0.466839497716895,0.47348390410958907,0.4746336757990868,8760,0.4716523592085236
2023,Jawa Barat,Cianjur,-6.82222,107.13944,Asia/Jakarta,24.39513698630137,77.46392694063927,1821.9,1821.9,1528.19,0.3055791095890411,0.29641575342465754,0.29111255707762557,8760,0.29770247336377476
2023,Jawa Barat,Garut,-7.245,107.921,Asia/Jakarta,21.65849315068493,87.1101598173516,1834.6,1834.6,1323.4,0.3114098173515982,0.3070953196347032,0.3025020547945206,8760,0.307002397260274
2023,Jawa Barat,Indramayu,-6.32639,108.32,Asia/Jakarta,28.154680365296805,71.37214611872146,1007.0,1007.0,1798.58,0.2579095890410959,0.2583428082191781,0.27706415525114153,8760,0.2644388508371385
2023,Jawa Barat,Karawang,-6.30525,107.3197,Asia/Jakarta,27.593858447488586,76.51392694063927,2140.6,2140.6,1611.77,0.30601803652968035,0.29949349315068496,0.3062142694063927,8760,0.303908599695586
2023,Jawa Barat,Subang,-6.57,107.75667,Asia/Jakarta,27.06146118721461,75.02420091324201,1693.5,1693.5,1609.39,0.35242922374429225,0.3499881278538813,0.35370833333333335,8760,0.3520418949771689
2023,Jawa Tengah,Cilacap,-7.72639,109.00944,Asia/Jakarta,26.00574200913242,83.9398401826484,1449.6,1449.6,1496.19,0.20080616438356164,0.19913401826484017,0.21449337899543378,8760,0.20481118721461186
2023,Jawa Tengah,Demak,-6.8909,110.6396,Asia/Jakarta,27.32769406392694,75.94372146118721,1923.8,1923.8,1705.94,0.32729052511415524,0.32943607305936073,0.3407851598173516,8760,0.33250391933028917
2023,Jawa Tengah,Grobogan,-7.0868,110.9158,Asia/Jakarta,27.214155251141552,74.72808219178083,1631.8,1631.8,1717.54,0.29707271689497716,0.30131655251141554,0.3153538812785388,8760,0.3045810502283105
2023,Jawa Tengah,Pati,-6.7559,111.038,Asia/Jakarta,27.376952054794522,77.0519406392694,1765.8,1765.8,1647.11,0.37022865296803653,0.3687416666666667,0.3780420091324201,8760,0.3723374429223745
2023,Jawa Tengah,Sragen,-7.42639,111.02222,Asia/Jakarta,27.42085616438356,72.74965753424658,1786.9,1786.9,1790.6200000000001,0.35894075342465753,0.37618995433789953,0.3844912100456621,8760,0.37320730593607304
2023,Jawa Timur,Bojonegoro,-7.1502,111.8817,Asia/Jakarta,27.47353881278539,73.82545662100456,1721.5,1721.5,1721.36,0.36047796803652965,0.37240867579908676,0.38723287671232876,8760,0.3733731735159817
2023,Jawa Timur,Jember,-8.17211,113.69953,Asia/Jakarta,26.41409817351598,79.69543378995434,1770.5,1770.5,1498.99,0.2185472602739726,0.2122474885844749,0.22252534246575342,8760,0.21777336377473364
2023,Jawa Timur,Lamongan,-7.11667,112.41667,Asia/Jakarta,27.808538812785386,75.03173515981734,1870.0,1870.0,1696.27,0.3556643835616438,0.3586018264840182,0.36838470319634703,8760,0.36088363774733634
2023,Jawa Timur,Ngawi,-7.4038,111.4461,Asia/Jakarta,27.39697488584475,71.94931506849315,1645.9,1645.9,1845.16,0.3588956621004566,0.3676106164383562,0.3727811643835617,8760,0.3664291476407915
2023,Jawa Timur,Tuban,-6.8976,112.0649,Asia/Jakarta,26.927317351598173,78.03881278538813,2051.1,2051.1,1659.88,0.2781133561643836,0.27662146118721465,0.30082020547945204,8760,0.2851850076103501
2023,Kalimantan Barat,Kubu Raya,-0.12694,109.40389,Asia/Pontianak,26.17013698630137,89.93013698630136,3415.4,3415.4,1307.77,0.3836961187214612,0.3857877853881278,0.3797066210045662,8760,0.3830635083713851
2023,Kalimantan Barat,Landak,0.38333,109.95,Asia/Pontianak,25.873915525114157,90.00205479452055,3378.7,3378.7,1300.77,0.3881739726027397,0.388649200913242,0.3859551369863014,8760,0.3875927701674277
2023,Kalimantan Barat,Mempawah,0.37102,108.97013,Asia/Pontianak,26.555342465753423,87.2527397260274,2744.8,2744.8,1324.02,0.36947408675799087,0.3661577625570776,0.36183162100456623,8760,0.36582115677321153
2023,Kalimantan Barat,Sambas,1.33333,109.25,Asia/Pontianak,26.076849315068493,89.01255707762557,3456.2,3456.2,1234.49,0.2741367579908676,0.27562956621004564,0.26380285388127855,8760,0.27118972602739727
2023,Kalimantan Barat,Sanggau,0.13333,110.6,Asia/Pontianak,26.139920091324203,88.91004566210046,3599.4,3599.4,1327.58,0.40143413242009135,0.40257157534246574,0.4046277397260274,8760,0.40287781582952814
2023,Kalimantan Selatan,Banjar,-3.4109,114.8642,Asia/Makassar,26.736826484018266,83.29703196347032,2894.4,2894.4,1427.3,0.5238931506849315,0.5268189497716895,0.5282746575342465,8760,0.5263289193302892
2023,Kalimantan Selatan,Barito Kuala,-3.0136,114.7687,Asia/Makassar,26.769360730593608,84.97979452054794,3352.9,3352.9,1413.09,0.34841061643835614,0.3505550228310502,0.3539940639269406,8760,0.3509865677321156
2023,Kalimantan Selatan,Hulu Sungai Selatan,-2.7837,115.2772,Asia/Makassar,26.399360730593607,83.79178082191781,3544.4,3544.4,1415.48,0.36914109589041094,0.3678417808219178,0.3680900684931507,8760,0.3683576484018265
2023,Kalimantan Selatan,Tanah Laut,-3.7987,114.7788,Asia/Makassar,26.492819634703196,82.85525114155251,2792.7,2792.7,1458.24,0.4330108447488585,0.4355026255707763,0.44567888127853883,8760,0.43806411719939115
2023,Kalimantan Selatan,Tapin,-2.9334,115.1621,Asia/Makassar,26.569440639269406,83.0670091324201,3352.6,3352.6,1433.66,0.37082363013698627,0.3830115296803653,0.38767009132420094,8760,0.3805017503805175
2023,Kalimantan Tengah,Barito Timur,-2.1236,115.1958,Asia/Pontianak,26.380970319634702,85.85205479452055,3832.9,3832.9,1380.78,0.4600754566210046,0.4563213470319635,0.4592252283105023,8760,0.45854067732115683
2023,Kalimantan Tengah,Kapuas,-3.0013,114.3916,Asia/Jakarta,26.898470319634704,83.89223744292238,3312.6,3312.6,1412.3700000000001,0.37047191780821914,0.36926598173515984,0.36675456621004565,8760,0.3688308219178082
2023,Kalimantan Tengah,Kotawaringin Timur,-2.5315,112.9496,Asia/Pontianak,26.69396118721461,84.85388127853881,2977.8,2977.8,1392.04,0.245073401826484,0.2424292237442922,0.23535079908675796,8760,0.24095114155251138
2023,Kalimantan Tengah,Pulang Pisau,-2.7671,114.2406,Asia/Pontianak,26.55304794520548,86.70468036529681,3497.3,3497.3,1380.75,0.3490966894977169,0.35014029680365294,0.3546191780821918,8760,0.35128538812785387
2023,Kalimantan Tengah,Seruyan,-3.39228,112.55049,Asia/Pontianak,27.386187214611873,81.749200913242,2504.9,2504.9,1532.96,0.23569680365296805,0.23642751141552512,0.234775799086758,8760,0.2356333713850837
2023,Kalimantan Timur,Berau,2.15281,117.49672,Asia/Makassar,26.233059360730593,89.78276255707763,3485.7,3485.7,1375.03,0.4010659817351598,0.40048607305936074,0.39952922374429223,8760,0.40036042617960427
2023,Kalimantan Timur,Kutai Kartanegara,-0.42366,116.98895,Asia/Makassar,26.333219178082192,88.05228310502284,3362.7,3362.7,1328.01,0.388500799086758,0.3881791095890411,0.3884191780821918,8760,0.38836636225266363
2023,Kalimantan Timur,Kutai Timur,0.5049,117.5279,Asia/Makassar,26.136940639269408,88.40547945205479,3453.4,3453.4,1376.84,0.39213436073059366,0.3910587899543379,0.3828277397260274,8760,0.38867363013698636
2023,Kalimantan Timur,Paser,-1.91013,116.202,Asia/Makassar,26.44546803652968,86.08904109589041,3237.5,3237.5,1383.38,0.3482477168949772,0.34572442922374425,0.3542261415525114,8760,0.3493994292237443
2023,Kalimantan Timur,Penajam Paser Utara,-1.24919,116.76968,Asia/Makassar,26.691769406392694,86.32705479452055,3140.6,3140.6,1384.69,0.4150420091324201,0.4157168949771689,0.4162535388127854,8760,0.41567081430745817
2023,Kalimantan Utara,Bulungan,2.8375,117.36528,Asia/Makassar,26.108538812785387,89.79417808219178,4367.5,4367.5,1353.89,0.41204223744292234,0.4124318493150685,0.4134068493150685,8760,0.4126269786910198
2023,Kalimantan Utara,Malinau,3.58855,116.62391,Asia/Makassar,26.028812785388126,89.94349315068493,6076.9,6076.9,1376.15,0.47859554794520554,0.48377168949771693,0.48866826484018266,8760,0.48367850076103497
2023,Kalimantan Utara,Nunukan,4.13841,117.6507,Asia/Makassar,26.2275,88.83630136986301,3644.1,3644.1,1359.29,0.4581122146118722,0.46264577625570774,0.4675038812785388,8760,0.4627539573820396
2023,Kalimantan Utara,Tana Tidung,3.60815,116.90668,Asia/Makassar,26.212351598173516,89.56415525114156,5276.5,5276.5,1335.56,0.39254520547945204,0.39577545662100455,0.3935559360730594,8760,0.39395886605783864
2023,Kalimantan Utara,Tarakan,3.31332,117.59152,Asia/Makassar,26.862990867579907,86.50833333333334,4074.5,4074.5,1489.02,0.4022102739726027,0.4042619863013699,0.4038703196347032,8760,0.40344752663622535
2023,Kepulauan Bangka Belitung,Bangka,-1.85442,106.12215,Asia/Jakarta,26.963744292237443,83.94497716894978,2143.3,2143.3,1470.41,0.34179246575342465,0.3415599315068493,0.338787100456621,8760,0.34071316590563167
2023,Kepulauan Bangka Belitung,Bangka Barat,-2.06719,105.16228,Asia/Jakarta,27.22404109589041,82.71655251141553,2241.0,2241.0,1497.66,0.3234061643835616,0.3125196347031963,0.3108442922374429,8760,0.31559003044140027
2023,Kepulauan Bangka Belitung,Bangka Selatan,-3.0,106.5,Asia/Jakarta,26.7837100456621,83.78253424657534,2576.4,2576.4,1438.08,0.24225194063926941,0.23637888127853882,0.23595205479452055,8760,0.23819429223744293
2023,Kepulauan Bangka Belitung,Belitung,-2.73353,107.63477,Asia/Jakarta,27.29780821917808,81.16050228310502,1969.9,1969.9,1513.86,0.22956906392694065,0.22531849315068492,0.21942214611872146,8760,0.224769901065449
2023,Kepulauan Bangka Belitung,Belitung Timur,-2.88333,108.26667,Asia/Jakarta,27.698059360730593,79.41963470319635,1525.1,1525.1,1601.25,0.3633255707762557,0.3600541095890411,0.3615421232876712,8760,0.361640601217656
2023,Kepulauan Riau,Batam,1.14937,104.02491,Asia/Jakarta,27.292522831050228,82.97248858447489,2542.9,2542.9,1465.96,0.2558793378995434,0.25350525114155253,0.24497922374429223,8760,0.25145460426179606
2023,Kepulauan Riau,Bintan,1.1,104.525,Asia/Pontianak,26.869452054794518,84.66118721461187,2838.1,2838.1,1432.01,0.2531841324200913,0.2473560502283105,0.23249417808219178,8760,0.24434478691019787
2023,Kepulauan Riau,Karimun,-6.5194,106.2899,Asia/Jakarta,26.139714611872144,79.34417808219177,2081.2,2081.2,1466.61,0.3354472602739726,0.3258783105022831,0.328245205479452,8760,0.32985692541856926
2023,Kepulauan Riau,Lingga,-10.5684,121.8988,Asia/Makassar,26.57780821917808,75.39668949771689,945.8,945.8,1792.78,0.3128546803652968,0.3427175799086758,0.36982522831050224,8760,0.34179916286149165
2023,Kepulauan Riau,Natuna,3.9384,108.38401,Asia/Jakarta,27.22527397260274,83.12385844748859,2316.0,2316.0,1416.51,0.28417317351598176,0.281750799086758,0.266688698630137,8760,0.27753755707762556
2023,Lampung,Lampung Selatan,-5.73805,105.5916,Asia/Jakarta,27.302477168949775,80.03093607305937,1492.9,1492.9,1515.67,0.40109440639269406,0.39534474885844745,0.3970035388127854,8760,0.3978142313546423
2023,Lampung,Lampung Tengah,-4.9753,105.21396,Asia/Jakarta,26.769315068493153,80.59703196347031,2328.8,2328.8,1549.22,0.41742808219178085,0.41603778538812786,0.4190222602739726,8760,0.4174960426179604
2023,Lampung,Lampung Timur,-5.06446,105.54869,Asia/Jakarta,26.818778538812786,80.90525114155251,2085.9,2085.9,1512.96,0.4189818493150685,0.42117077625570776,0.42561038812785384,8760,0.42192100456621007
2023,Lampung,Lampung Utara,-4.82505,104.8817,Asia/Jakarta,26.717979452054795,81.35867579908675,2310.7,2310.7,1561.7,0.41165650684931504,0.4099392694063927,0.40395022831050226,8760,0.40851533485540337
2023,Lampung,Tulang Bawang,-4.47131,105.25214,Asia/Jakarta,27.076118721461185,80.64920091324201,2264.6,2264.6,1538.62,0.38321095890410956,0.3818914383561644,0.38764589041095887,8760,0.38424942922374433
2023,Maluku,Buru,-3.26194,127.09292,Asia/Jayapura,26.79341324200913,81.3818493150685,1313.2,1313.2,1580.69,0.29307020547945206,0.28721518264840185,0.28508607305936073,8760,0.28845715372907155
2023,Maluku,Maluku Tengah,-3.29833,128.96883,Asia/Jayapura,26.207705479452056,84.62134703196347,2136.6,2136.6,1355.08,0.3146756849315069,0.3125184931506849,0.30153972602739726,8760,0.30957796803652965
2023,Maluku,Maluku Tenggara,-5.66689,132.73763,Asia/Jayapura,27.140627853881277,80.63630136986302,2133.6,2133.6,1570.76,0.22012739726027397,0.20553961187214612,0.1965068493150685,8760,0.20739128614916283
2023,Maluku,Seram Bagian Barat,-3.0618,128.1945,Asia/Jayapura,26.87937214611872,81.39303652968036,2109.6,2109.6,1521.03,0.3614171232876712,0.36061598173515985,0.36282317351598176,8760,0.3616187595129376
2023,Maluku,Seram Bagian Timur,-3.1112,130.4954,Asia/Jayapura,26.061929223744293,82.94429223744292,2438.6,2438.6,1476.64,0.23849589041095892,0.22938481735159819,0.22523812785388128,8760,0.23103961187214614
2023,Maluku Utara,Halmahera Barat,1.06504,127.46786,Asia/Jayapura,26.392979452054796,85.4154109589041,2363.4,2363.4,1425.98,0.3658920091324201,0.3616449771689498,0.36231335616438354,8760,0.36328344748858443
2023,Maluku Utara,Halmahera Selatan,-0.62546,127.47808,Asia/Jayapura,26.58494292237443,89.26518264840183,3545.4,3545.4,1388.97,0.38661780821917807,0.377162899543379,0.3781046803652968,8760,0.38062846270928463
2023,Maluku Utara,Halmahera Timur,0.7007,128.29198,Asia/Jayapura,26.529954337899543,85.924200913242,2630.4,2630.4,1430.44,0.39222511415525113,0.3896601598173516,0.3873381278538813,8760,0.3897411339421613
2023,Maluku Utara,Halmahera Utara,1.72837,128.00948,Asia/Jayapura,27.076643835616437,85.27111872146119,3430.7,3430.7,1501.27,0.32904383561643835,0.3200875570776256,0.3081084474885845,8760,0.3190799467275495
2023,Maluku Utara,Tidore Kepulauan,0.65277,127.44533,Asia/Jayapura,27.320171232876714,80.83481735159818,1954.8,1954.8,1563.84,0.3462579908675799,0.338920205479452,0.3307842465753425,8760,0.33865414764079144
2023,Nusa Tenggara Barat,Bima,-8.46006,118.72667,Asia/Makassar,27.03388127853881,80.09554794520548,1902.6,1902.6,1565.71,0.3076939497716895,0.31950262557077624,0.33739326484018267,8760,0.3215299467275495
2023,Nusa Tenggara Barat,Dompu,-8.5365,118.4634,Asia/Makassar,26.350079908675802,81.46963470319635,1254.3,1254.3,1522.05,0.31037260273972606,0.31490262557077625,0.3328317351598174,8760,0.31936898782343986
2023,Nusa Tenggara Barat,Lombok Tengah,-8.70536,116.27036,Asia/Makassar,25.940901826484016,80.58253424657535,1352.4,1352.4,1570.46,0.3655139269406393,0.37177899543378995,0.3716731735159817,8760,0.3696553652968036
2023,Nusa Tenggara Barat,Lombok Timur,-8.6503,116.5318,Asia/Makassar,25.458664383561644,78.41700913242009,1653.8,1653.8,1535.8,0.3717527397260274,0.36987876712328766,0.37638470319634704,8760,0.3726720700152207
2023,Nusa Tenggara Barat,Sumbawa,-8.49317,117.42024,Asia/Makassar,27.296803652968038,73.60376712328767,1094.4,1094.4,1776.4,0.2512642694063927,0.24833664383561646,0.25458732876712326,8760,0.2513960806697108
2023,Nusa Tenggara Timur,Belu,-9.10611,124.8925,Asia/Makassar,25.149863013698628,74.4420091324201,1565.8,1565.8,1633.05,0.27143858447488584,0.2780195205479452,0.2815634703196347,8760,0.27700719178082195
2023,Nusa Tenggara Timur,Kupang,-10.0642,123.8787,Asia/Makassar,26.584851598173515,75.40102739726028,1173.6,1173.6,1742.8700000000001,0.24244714611872145,0.23939794520547947,0.2538349315068493,8760,0.24522667427701675
2023,Nusa Tenggara Timur,Manggarai,-8.61139,120.46444,Asia/Makassar,19.857625570776253,86.05171232876712,1548.3,1548.3,1279.41,0.2777261415525114,0.27911506849315065,0.27915239726027397,8760,0.27866453576864536
2023,Nusa Tenggara Timur,Sumba Timur,-9.6567,120.2641,Asia/Makassar,26.53224885844749,75.70833333333333,1161.4,1161.4,1723.67,0.25679349315068495,0.2619154109589041,0.27436495433789954,8760,0.2643579528158295
2023,Nusa Tenggara Timur,Timor Tengah Selatan,-9.86071,124.28395,Asia/Makassar,21.674098173515983,77.03196347031964,1136.0,1136.0,1558.69,0.2631793378995434,0.26516472602739727,0.2835401826484018,8760,0.2706280821917808
2023,Papua,Biak Numfor,-1.1767,136.082,Asia/Jayapura,26.575159817351597,87.97100456621004,3606.3,3606.3,1317.95,0.3957244292237443,0.39453984018264837,0.3816728310502283,8760,0.390645700152207
2023,Papua,Jayapura,-2.5691,140.5127,Asia/Jayapura,26.15936073059361,90.09634703196348,4801.7,4801.7,1230.42,0.3508615296803653,0.35114223744292233,0.3470019406392694,8760,0.3496685692541857
2023,Papua,Keerom,-2.9028,140.7657,Asia/Jayapura,25.7687100456621,90.94543378995434,5709.7,5709.7,1231.52,0.4740594748858447,0.48034646118721464,0.48475844748858454,8760,0.47972146118721465
2023,Papua,Kota Jayapura,-2.53371,140.71812,Asia/Jayapura,26.68916666666667,89.45239726027397,5569.0,5569.0,1284.19,0.5799691780821917,0.5847384703196348,0.586528310502283,8760,0.5837453196347031
2023,Papua,Sarmi,-1.85302,138.75093,Asia/Jayapura,26.279851598173515,89.14509132420092,3852.4,3852.4,1327.51,0.45184577625570777,0.4514263698630137,0.44188778538812784,8760,0.4483866438356164
2023,Papua Barat,Fakfak,-2.92481,132.29813,Asia/Jayapura,25.965582191780822,88.00319634703196,2421.7,2421.7,1279.64,0.3841964611872146,0.38256666666666667,0.37153481735159816,8760,0.3794326484018265
2023,Papua Barat,Kaimana,-3.6635,133.7649,Asia/Jayapura,26.220616438356164,87.70216894977169,2221.8,2221.8,1345.54,0.38615388127853884,0.3849086757990868,0.38406084474885843,8760,0.38504113394216133
2023,Papua Barat,Manokwari,-0.86291,134.06403,Asia/Jayapura,26.474417808219176,84.90273972602739,2075.4,2075.4,1405.98,0.4783877853881278,0.4816228310502283,0.4855466894977169,8760,0.4818524353120244
2023,Papua Barat,Manokwari Selatan,-1.5083,134.1708,Asia/Jayapura,26.73191780821918,82.32762557077625,1916.8,1916.8,1397.59,0.40669052511415527,0.40715639269406395,0.4085420091324201,8760,0.4074629756468798
2023,Papua Barat,Teluk Bintuni,-2.10967,133.52461,Asia/Jayapura,25.65140410958904,88.0283105022831,3640.9,3640.9,1362.57,0.4404695205479452,0.4408191780821918,0.4416230593607306,8760,0.4409705859969559
2023,Papua Barat Daya,Maybrat,-1.25667,132.49973,Asia/Jayapura,23.686107305936073,89.35422374429224,3684.0,3684.0,1300.69,0.46871438356164385,0.4757149543378995,0.4761913242009132,8760,0.4735402207001522
2023,Papua Barat Daya,Raja Ampat,-0.2379,130.5072,Asia/Jayapura,25.633835616438354,88.0041095890411,3233.8,3233.8,1398.99,0.41188481735159815,0.4101260273972603,0.4060518264840183,8760,0.40935422374429226
2023,Papua Barat Daya,Sorong,-0.95698,131.33534,Asia/Jayapura,25.7825799086758,88.28595890410959,3093.2,3093.2,1391.23,0.3649013698630137,0.36540947488584474,0.3637453196347032,8760,0.36468538812785384
2023,Papua Barat Daya,Sorong Selatan,-1.4416,132.01428,Asia/Jayapura,25.915810502283104,88.73801369863014,3436.4,3436.4,1351.44,0.4036058219178082,0.4045502283105023,0.40073025114155253,8760,0.402962100456621
2023,Papua Barat Daya,Tambrauw,-0.80889,132.43222,Asia/Jayapura,23.81824200913242,89.88196347031963,4199.5,4199.5,1294.5,0.404970205479452,0.4062187214611872,0.40772317351598175,8760,0.4063040334855403
2023,Papua Pegunungan,Jayawijaya,-4.09583,138.94806,Asia/Jayapura,18.333002283105024,82.20205479452055,3377.0,3377.0,1244.16,0.4154787671232877,0.41684018264840184,0.4160743150684932,8760,0.4161310882800609
2023,Papua Pegunungan,Lanny Jaya,-3.92361,138.45473,Asia/Jayapura,16.178458904109586,88.38949771689498,3693.6,3693.6,1265.36,0.41683938356164385,0.4181430365296804,0.41928321917808214,8760,0.4180885464231355
2023,Papua Pegunungan,Mamberamo Tengah,-3.66417,139.065,Asia/Jayapura,21.17708904109589,92.21792237442922,5248.7,5248.7,1208.71,0.4184530821917808,0.4192792237442922,0.4203714611872146,8760,0.41936792237442927
2023,Papua Pegunungan,Tolikara,-3.6994,138.4579,Asia/Jayapura,17.506723744292238,87.7763698630137,4633.4,4633.4,1108.04,0.4235825342465753,0.4246864155251141,0.4250278538812785,8760,0.42443226788432264
2023,Papua Pegunungan,Yahukimo,-4.85614,139.48105,Asia/Jayapura,25.426689497716893,88.99600456621005,6578.0,6578.0,1268.98,0.47141917808219175,0.4734235159817351,0.4646923515981735,8760,0.4698450152207001
2023,Papua Selatan,Asmat,-5.54505,138.13522,Asia/Jayapura,26.4387899543379,86.84874429223744,3051.9,3051.9,1354.0,0.387237100456621,0.38917465753424657,0.3885641552511416,8760,0.3883253044140031
2023,Papua Selatan,Boven Digoel,-6.09756,140.30649,Asia/Jayapura,26.15156392694064,85.3162100456621,4323.1,4323.1,1301.24,0.46396141552511416,0.46797260273972596,0.47140753424657533,8760,0.46778051750380517
2023,Papua Selatan,Mappi,-6.52461,139.32224,Asia/Jayapura,26.280342465753424,84.71107305936073,2929.6,2929.6,1331.63,0.5400925799086759,0.5438243150684932,0.5409157534246575,8760,0.5416108828006089
2023,Papua Selatan,Merauke,-8.49958,140.40613,Asia/Jayapura,26.48334474885845,81.55776255707762,2305.8,2305.8,1496.31,0.47217054794520547,0.47870616438356167,0.5012504566210045,8760,0.4840423896499239
2023,Papua Tengah,Deiyai,-3.96667,136.26666,Asia/Jayapura,17.925399543378994,89.82534246575342,2895.7,2895.7,1127.35,0.4125063926940639,0.41620776255707764,0.41045673515981734,8760,0.4130569634703196
2023,Papua Tengah,Dogiyai,-3.96139,135.9436,Asia/Jayapura,18.38200913242009,89.70707762557078,3635.7,3635.7,1152.01,0.41242694063926943,0.4134263698630137,0.4150882420091324,8760,0.41364718417047186
2023,Papua Tengah,Mimika,-4.61407,136.67679,Asia/Jayapura,25.604965753424658,90.36917808219178,4522.8,4522.8,1252.85,0.39798858447488583,0.39856335616438354,0.39161712328767123,8760,0.39605635464231354
2023,Papua Tengah,Nabire,-3.35989,135.50073,Asia/Jayapura,26.632488584474885,85.95422374429224,2461.4,2461.4,1383.99,0.3948424657534247,0.3947931506849315,0.3974131278538813,8760,0.3956829147640792
2023,Papua Tengah,Paniai,-3.93032,136.37651,Asia/Jayapura,17.001050228310504,90.86986301369863,3471.1,3471.1,1068.24,0.39431438356164383,0.4011206621004566,0.40164566210045666,8760,0.39902690258751905
2023,Riau,Indragiri Hilir,-0.3227,103.1603,Asia/Jakarta,26.33585616438356,88.85764840182648,2981.9,2981.9,1317.2,0.3949373287671233,0.39442214611872145,0.39393949771689496,8760,0.39443299086757994
2023,Riau,Kampar,0.33833,101.02361,Asia/Jakarta,26.019908675799087,87.93881278538812,3416.8,3416.8,1363.99,0.4615615296803653,0.46678812785388124,0.4725752283105023,8760,0.46697496194824956
2023,Riau,Rokan Hilir,2.15668,100.80763,Asia/Jakarta,26.515513698630137,87.70205479452055,3870.3,3870.3,1351.61,0.3535255707762557,0.35472625570776256,0.3518051369863014,8760,0.35335232115677323
2023,Riau,Rokan Hulu,0.86459,100.29547,Asia/Jakarta,25.931061643835616,87.73527397260274,2997.7,2997.7,1389.76,0.468608105022831,0.47149223744292235,0.47648287671232875,8760,0.472194406392694
2023,Riau,Siak,0.79317,102.0511,Asia/Jakarta,26.283356164383562,88.59657534246575,3242.6,3242.6,1319.96,0.38895570776255706,0.3891708904109589,0.38902203196347035,8760,0.3890495433789954
2023,Sulawesi Barat,Majene,-3.5403,118.9707,Asia/Makassar,27.36431506849315,80.06084474885844,1304.4,1304.4,1624.04,0.3066575342465754,0.3000436073059361,0.31173573059360726,8760,0.3061456240487062
2023,Sulawesi Barat,Mamasa,-2.942,119.3776,Asia/Makassar,19.7185502283105,88.62819634703196,3200.4,3200.4,1260.53,0.41233767123287673,0.41196666666666665,0.40774474885844747,8760,0.41068302891933034
2023,Sulawesi Barat,Mamuju,-2.68056,118.88611,Asia/Makassar,27.25955479452055,82.25114155251141,1680.9,1680.9,1511.3700000000001,0.40028573059360734,0.3994252283105023,0.39880410958904106,8760,0.3995050228310502
2023,Sulawesi Barat,Mamuju Tengah,-2.08944,119.34722,Asia/Makassar,26.083915525114158,89.39383561643835,3456.2,3456.2,1454.66,0.37792020547945204,0.37378858447488583,0.37428801369863013,8760,0.37533226788432267
2023,Sulawesi Barat,Polewali Mandar,-3.4324,119.3435,Asia/Makassar,26.89617579908676,81.34029680365296,1517.5,1517.5,1526.08,0.3557317351598174,0.34895901826484016,0.35589657534246577,8760,0.3535291095890411
2023,Sulawesi Selatan,Bone,-4.5386,120.3279,Asia/Makassar,26.846244292237444,80.11301369863014,2178.6,2178.6,1618.25,0.385625799086758,0.3788012557077626,0.38310011415525114,8760,0.38250905631659055
2023,Sulawesi Selatan,Gowa,-5.1971,119.451,Asia/Makassar,27.288938356164383,77.90810502283105,1939.6,1939.6,1585.13,0.3937760273972603,0.3960818493150685,0.39772659817351597,8760,0.3958614916286149
2023,Sulawesi Selatan,Pinrang,-3.78611,119.65222,Asia/Makassar,26.991038812785387,78.8730593607306,2214.3,2214.3,1662.19,0.30124383561643836,0.3053675799086758,0.31949018264840184,8760,0.3087005327245053
2023,Sulawesi Selatan,Sidenreng Rappang,-3.9258194,119.7953,Asia/Makassar,27.250890410958903,77.67534246575343,1246.2,1246.2,1713.01,0.3856103881278539,0.3911211187214612,0.4025082191780822,8760,0.39307990867579906
2023,Sulawesi Selatan,Wajo,-4.1279,120.0297,Asia/Makassar,27.542477168949773,76.93207762557077,1476.8,1476.8,1672.63,0.3056441780821918,0.2990789954337899,0.29513219178082195,8760,0.2999517884322679
2023,Sulawesi Tengah,Banggai,-0.9516,122.7875,Asia/Makassar,26.77818493150685,85.31780821917808,2784.6,2784.6,1511.95,0.31863059360730595,0.3105619863013699,0.31320730593607304,8760,0.31413329528158296
2023,Sulawesi Tengah,Donggala,-0.6723,119.7402,Asia/Makassar,27.99013698630137,79.67077625570776,1541.1,1541.1,1500.5,0.4699069634703197,0.47241860730593604,0.4666122146118722,8760,0.46964592846270925
2023,Sulawesi Tengah,Parigi Moutong,-7.7015,108.496,Asia/Jakarta,25.660719178082193,84.27180365296803,1598.3,1598.3,1398.21,0.32251141552511414,0.3132431506849315,0.33052442922374425,8760,0.32209299847793
2023,Sulawesi Tengah,Poso,-1.3959,120.7524,Asia/Makassar,26.485319634703195,80.87214611872146,1746.9,1746.9,1486.91,0.3881662100456621,0.3854775114155251,0.3855956621004566,8760,0.3864131278538812
2023,Sulawesi Tengah,Sigi,-0.94982,119.91805,Asia/Makassar,26.404714611872144,87.4175799086758,3135.7,3135.7,1460.52,0.39270159817351596,0.391822602739726,0.38776986301369865,8760,0.39076468797564684
2023,Sulawesi Tenggara,Bombana,-4.62767,122.00472,Asia/Makassar,26.944497716894976,78.16472602739726,1341.2,1341.2,1693.22,0.23880388127853883,0.2358189497716895,0.24470970319634705,8760,0.23977751141552509
2023,Sulawesi Tenggara,Kolaka Timur,-3.9613,122.2861,Asia/Makassar,25.960011415525116,85.32442922374429,2166.5,2166.5,1489.02,0.3486985159817352,0.34533047945205475,0.3531843607305936,8760,0.3490711187214612
2023,Sulawesi Tenggara,Konawe,-3.8539,122.042,Asia/Makassar,25.809303652968037,85.15639269406392,2445.8,2445.8,1477.72,0.32050456621004564,0.3262204337899543,0.34111689497716896,8760,0.32928063165905636
2023,Sulawesi Tenggara,Konawe Selatan,-4.3273,122.2522,Asia/Makassar,26.70058219178082,79.62271689497717,1892.0,1892.0,1605.09,0.3218131278538813,0.31583972602739724,0.32208652968036533,8760,0.31991312785388126
2023,Sulawesi Tenggara,Muna,-4.838,122.7209,Asia/Makassar,27.34611872146119,77.34041095890412,1344.6,1344.6,1645.54,0.3043433789954338,0.2996352739726027,0.31503070776255704,8760,0.3063364535768645
2023,Sulawesi Utara,Bolaang Mongondow,0.8755,124.0098,Asia/Makassar,26.943972602739727,82.03025114155251,2149.7,2149.7,1524.0,0.30171255707762556,0.30254908675799086,0.31065502283105023,8760,0.3049722222222222
2023,Sulawesi Utara,Bolaang Mongondow Utara,0.9083,123.2679,Asia/Makassar,26.681849315068494,84.56438356164384,3021.6,3021.6,1457.55,0.3631247716894977,0.35870456621004565,0.3635220319634703,8760,0.3617837899543379
2023,Sulawesi Utara,Minahasa,1.3054,124.91261,Asia/Makassar,22.27650684931507,88.70616438356164,2150.2,2150.2,1265.6,0.44139600456621003,0.44773367579908674,0.4460372146118722,8760,0.4450556316590563
2023,Sulawesi Utara,Minahasa Selatan,-1.1825,124.573,Asia/Makassar,27.974988584474886,77.48710045662101,1936.3,1936.3,1686.49,,,,8760,
2023,Sulawesi Utara,Minahasa Utara,1.42804,124.97774,Asia/Makassar,24.918150684931508,88.5730593607306,2978.6,2978.6,1362.88,0.2445622146118721,0.23300844748858449,0.2192656392694064,8760,0.23227876712328768
2023,Sumatera Barat,Agam,-0.32545,100.06462,Asia/Jakarta,25.246198630136988,89.72397260273972,5712.4,5712.4,1207.9,0.39152465753424653,0.3897398401826484,0.3803817351598173,8760,0.3872154109589041
2023,Sumatera Barat,Lima Puluh Kota,-0.1503,100.664,Asia/Jakarta,23.3485502283105,88.575,2241.3,2241.3,1284.29,0.3855398401826484,0.38365171232876716,0.37643082191780824,8760,0.38187412480974126
2023,Sumatera Barat,Pasaman Barat,0.09703,99.82339,Asia/Jakarta,24.872865296803653,90.11312785388128,4205.8,4205.8,1236.06,0.46491872146118723,0.4705880136986301,0.46728093607305937,8760,0.46759589041095895
2023,Sumatera Barat,Solok,-0.95221,100.621,Asia/Jakarta,20.849063926940637,88.95068493150686,2806.0,2806.0,1162.36,0.4275194063926941,0.42879292237442923,0.4237519406392694,8760,0.42668808980213085
2023,Sumatera Barat,Tanah Datar,-0.4606,100.6107,Asia/Jakarta,23.91775114155251,85.74132420091324,2563.7,2563.7,1335.07,0.3926006849315069,0.3920084474885845,0.3849134703196347,8760,0.3898408675799087
2023,Sumatera Selatan,Banyuasin,-2.8812,104.3943,Asia/Jakarta,26.883059360730595,82.84600456621004,2666.5,2666.5,1461.41,0.3916076484018265,0.3906376712328767,0.394725,8760,0.3923234398782344
2023,Sumatera Selatan,Muara Enim,-3.6486,103.771,Asia/Jakarta,26.724942922374428,81.57168949771689,2904.0,2904.0,1519.79,0.4183142694063927,0.42212134703196347,0.4152206621004566,8760,0.41855209284627093
2023,Sumatera Selatan,Musi Banyuasin,-2.8819,103.8344,Asia/Jakarta,26.68656392694064,84.13972602739726,3121.6,3121.6,1454.26,0.4162851598173516,0.41261598173515984,0.4055611872146119,8760,0.41148744292237444
2023,Sumatera Selatan,Ogan Komering Ilir,-3.392,104.8306,Asia/Jakarta,26.762351598173517,83.77773972602739,2546.9,2546.9,1455.03,0.3341223744292237,0.32810787671232877,0.3339243150684932,8760,0.33205152207001526
2023,Sumatera Selatan,Ogan Komering Ulu Timur,-3.4109,114.8642,Asia/Makassar,26.736826484018266,83.29703196347032,2894.4,2894.4,1427.3,0.5238931506849315,0.5268189497716895,0.5282746575342465,8760,0.5263289193302892
2023,Sumatera Utara,Deli Serdang,3.5592,98.8733,Asia/Jakarta,25.863116438356165,90.10342465753425,4291.8,4291.8,1288.64,0.4059247716894977,0.4059308219178082,0.40563299086757987,8760,0.40582952815829526
2023,Sumatera Utara,Langkat,3.73335,98.45025,Asia/Jakarta,25.974805936073057,90.7420091324201,4512.9,4512.9,1270.68,0.3927739726027397,0.39066997716894974,0.38134337899543375,8760,0.3882624429223744
2023,Sumatera Utara,Mandailing Natal,0.8651,99.5528,Asia/Jakarta,25.094851598173516,88.52020547945206,3295.1,3295.1,1334.74,0.4009375570776255,0.4012631278538813,0.40053333333333335,8760,0.40091133942161344
2023,Sumatera Utara,Serdang Bedagai,3.4845,99.1366,Asia/Jakarta,25.927796803652967,89.84920091324202,3873.0,3873.0,1283.13,0.5212466894977169,0.5248437214611873,0.5267528538812786,8760,0.5242810882800609
2023,Sumatera Utara,Simalungun,2.9658,98.8473,Asia/Jakarta,20.43779680365297,91.53949771689497,3948.7,3948.7,1151.39,0.40074497716894975,0.4023420091324201,0.39847648401826485,8760,0.4005211567732116
2024,Aceh,Aceh Besar,5.187659,95.715548,Asia/Jakarta,24.087818761384334,85.49897540983606,3550.2,3550.2,1291.45,0.36500546448087434,0.3642027550091075,0.3701224954462659,8784,0.3664435716454159
2024,Aceh,Aceh Timur,4.94952,97.77267,Asia/Jakarta,27.290107012750454,82.8292349726776,2352.2,2352.2,1419.69,0.3762912112932605,0.36745696721311477,0.3624617486338798,8784,0.368736642380085
2024,Aceh,Aceh Utara,5.051701,97.318123,Asia/Jakarta,26.865539617486338,85.81773679417122,2765.8,2765.8,1368.6200000000001,0.3507211976320583,0.3401612021857924,0.3361049635701275,8784,0.342329121129326
2024,Aceh,Bireuen,5.203,96.701,Asia/Jakarta,26.682399817850637,85.69626593806922,2199.3,2199.3,1387.11,0.37317110655737706,0.36852390710382515,0.36615186703096536,8784,0.36928229356405584
2024,Aceh,Pidie,5.3807,95.9549,Asia/Jakarta,26.84828096539162,85.37602459016394,2397.1,2397.1,1422.2,0.2893389116575592,0.28073292349726775,0.2863516621129326,8784,0.2854744990892532
2024,Bali,Badung,-8.54389,115.17,Asia/Makassar,25.621755464480874,85.742941712204,2752.8,2752.8,1449.15,0.30938262750455375,0.29547791438979965,0.29996721311475405,8784,0.3016092516697025
2024,Bali,Buleleng,-8.112,115.08818,Asia/Makassar,27.589093806921678,76.6148679417122,2204.4,2204.4,1539.48,0.2224542349726776,0.21315721766848816,0.2124971539162113,8784,0.21603620218579234
2024,Bali,Gianyar,-8.5435,115.3272,Asia/Makassar,25.860348360655735,84.38479052823315,2034.4,2034.4,1478.61,0.22213854735883426,0.20306295537340618,0.19416290983606557,8784,0.20645480418943532
2024,Bali,Karangasem,-8.45,115.61667,Asia/Makassar,25.296265938069215,85.03016848816029,2744.0,2744.0,1424.67,0.19480680783242257,0.1771448087431694,0.17128517759562842,8784,0.1810789313904068
2024,Bali,Tabanan,-8.5413,115.12522,Asia/Makassar,25.621755464480874,85.742941712204,2752.8,2752.8,1448.91,0.3043115892531876,0.2855969945355191,0.28390528233151185,8784,0.2912712887067395
2024,Banten,Cilegon,-6.0144,106.0542,Asia/Jakarta,27.09196265938069,81.80771857923497,2228.0,2228.0,1529.18,0.34854599271402553,0.3433362932604736,0.34171812386156647,8784,0.3445334699453552
2024,Banten,Lebak,-6.3591,106.2494,Asia/Jakarta,26.962613843351548,82.5988160291439,2642.9,2642.9,1477.24,0.3558167122040073,0.3529882741347905,0.3497224499089253,8784,0.352842478749241
2024,Banten,Pandeglang,-6.3084,106.1067,Asia/Jakarta,25.85233378870674,81.44865664845173,2523.6,2523.6,1371.16,0.41819000455373406,0.4145950591985428,0.4076754326047359,8784,0.4134868321190042
2024,Banten,Serang,-6.125,106.23278,Asia/Jakarta,27.311213570127507,81.85963114754098,2636.4,2636.4,1484.43,0.3489585610200364,0.3453398224043716,0.3447785746812386,8784,0.3463589860352156
2024,Banten,Tangerang,-6.22806,106.51389,Asia/Jakarta,27.134061930783243,81.8884335154827,2899.5,2899.5,1484.59,0.3406517531876138,0.33885405282331515,0.3400201502732241,8784,0.339841985428051
2024,Bengkulu,Bengkulu Selatan,-4.4651,102.90386,Asia/Jakarta,26.650136612021857,85.40015938069217,3025.5,3025.5,1350.11,0.37597996357012753,0.37370081967213115,0.38121288706739526,8784,0.37696455676988466
2024,Bengkulu,Kaur,-4.79371,103.34836,Asia/Jakarta,26.90408697632058,84.49738160291439,2248.2,2248.2,1424.75,0.372633310564663,0.37220867486338793,0.38043806921675777,8784,0.37509335154826956
2024,Bengkulu,Mukomuko,-2.5689,101.1118,Asia/Jakarta,26.369273679417123,87.9143897996357,4857.8,4857.8,1324.32,0.3680403005464481,0.3674938524590164,0.3673193306010929,8784,0.36761782786885244
2024,Bengkulu,Rejang Lebong,-3.4703,102.5207,Asia/Jakarta,22.69910063752277,90.84915755919855,3774.2,3774.2,1268.0,0.39061475409836066,0.39076206739526415,0.3834282786885246,8784,0.38826836672738313
2024,Bengkulu,Seluma,-4.07543,102.57739,Asia/Jakarta,26.554872495446265,85.68909380692168,3483.1,3483.1,1383.28,0.38304952185792346,0.3814296448087432,0.3854928278688524,8784,0.3833239981785064
2024,DI Yogyakarta,Bantul,-7.88806,110.32889,Asia/Jakarta,26.04714253187614,83.52436247723134,2320.7,2320.7,1485.5,0.28078221766848815,0.26656864754098364,0.26431671220400726,8784,0.27055585913782637
2024,DI Yogyakarta,Gunungkidul,-7.96556,110.60361,Asia/Jakarta,25.46953551912568,83.34335154826958,2361.1,2361.1,1466.27,0.3525129781420765,0.3473017987249545,0.3470751366120219,8784,0.3489633044930176
2024,DI Yogyakarta,Kulon Progo,-7.85722,110.15694,Asia/Jakarta,26.25681921675774,85.33902550091075,2941.4,2941.4,1423.05,0.30794877049180325,0.2949995446265938,0.2955250455373406,8784,0.2994911202185792
2024,DI Yogyakarta,Sleman,-7.71556,110.35556,Asia/Jakarta,25.064093806921676,83.45229963570128,2983.2,2983.2,1371.98,0.2152436247723133,0.20697279143897995,0.1945261839708561,8784,0.2055808667273831
2024,DI Yogyakarta,Yogyakarta,-7.80139,110.36472,Asia/Jakarta,26.089492258652097,82.45821948998179,2518.2,2518.2,1455.8,0.20833447176684883,0.19623599726775956,0.18659688069216757,8784,0.19705578324225867
2024,DKI Jakarta,Jakarta Barat,-6.168329,106.75885,Asia/Jakarta,27.216427595628417,81.51366120218579,2533.8,2533.8,1500.18,0.4127070810564663,0.4112013888888889,0.4167501138433516,8784,0.41355286126290225
2024,DKI Jakarta,Jakarta Selatan,-6.26149,106.8106,Asia/Jakarta,27.248280965391622,80.76081511839709,2761.5,2761.5,1501.91,0.43126582422586524,0.4301045081967213,0.43677083333333333,8784,0.43271372191863994
2024,DKI Jakarta,Jakarta Timur,-6.225,106.900444,Asia/Jakarta,27.408686247723132,80.56568761384335,2756.7,2756.7,1514.09,0.37052959927140255,0.36972472677595625,0.37617691256830604,8784,0.37214374620522167
2024,DKI Jakarta,Jakarta Utara,-6.145138,106.899452,Asia/Jakarta,27.473690801457195,80.21459471766849,2342.1,2342.1,1518.92,0.37052959927140255,0.36972472677595625,0.37617691256830604,8784,0.37214374620522167
2024,DKI Jakarta,Kepulauan Seribu,-5.74583,106.61389,Asia/Jakarta,28.182320127504553,78.29371584699453,2516.7,2516.7,1645.38,,,,8784,
2024,Gorontalo,Boalemo,0.5273,122.3463,Asia/Makassar,26.657422586520944,88.47324681238615,3318.6,3318.6,1406.36,0.38859915755919855,0.3855111566484517,0.3833971994535519,8784,0.3858358378870674
2024,Gorontalo,Bone Bolango,0.5325,123.14694,Asia/Makassar,26.382661657559197,83.40960837887067,2477.4,2477.4,1422.89,0.38856944444444447,0.38893932149362476,0.39068772768670307,8784,0.38939883120825747
2024,Gorontalo,Gorontalo,0.627,122.9778,Asia/Makassar,26.67139116575592,86.0950591985428,2370.1,2370.1,1405.6200000000001,0.38760348360655733,0.3886901183970856,0.39212386156648454,8784,0.3894724878567091
2024,Gorontalo,Gorontalo Utara,0.8348,122.915,Asia/Makassar,27.148986794171222,84.02345173041894,2272.9,2272.9,1440.69,0.3818978825136612,0.38364469489981784,0.38774112021857926,8784,0.38442789921068604
2024,Gorontalo,Pohuwato,0.4655,121.9386,Asia/Makassar,27.15134335154827,82.1778233151184,2198.6,2198.6,1523.15,0.36963627049180325,0.3645669398907104,0.3591754326047359,8784,0.36445954766241645
2024,Jambi,Batanghari,-1.71327,103.25902,Asia/Jakarta,26.896163479052824,85.21687158469945,3131.8,3131.8,1403.56,0.370213456284153,0.36836543715847,0.37034585610200366,8784,0.3696415831815422
2024,Jambi,Kerinci,-1.94667,101.33417,Asia/Jakarta,21.701297814207653,90.73884335154827,3715.8,3715.8,1279.86,0.4113607695810565,0.41235803734061927,0.41418055555555555,8784,0.4126331208257438
2024,Jambi,Merangin,-2.0796,102.2573,Asia/Jakarta,26.430339253187615,84.81329690346084,4037.2,4037.2,1440.63,0.3822455601092896,0.38254098360655736,0.3750151411657559,8784,0.37993389496053426
2024,Jambi,Muaro Jambi,-1.4772,103.50765,Asia/Jakarta,26.87349726775956,86.30726320582878,2956.1,2956.1,1379.8,0.3810823087431694,0.3797204007285974,0.3829332877959927,8784,0.38124533242258657
2024,Jambi,Tanjung Jabung Timur,-1.13612,103.84987,Asia/Jakarta,26.89030054644809,86.78927595628416,3102.7,3102.7,1366.37,0.4629628870673953,0.465790072859745,0.4652770947176685,8784,0.4646766848816029
2024,Jawa Barat,Cianjur,-6.82222,107.13944,Asia/Jakarta,24.586657559198546,79.617941712204,2725.5,2725.5,1478.29,0.3425640938069217,0.33849373861566484,0.33114184881602915,8784,0.3373998937462052
2024,Jawa Barat,Garut,-7.245,107.921,Asia/Jakarta,22.164640255009108,88.06409380692168,2195.6,2195.6,1305.99,0.34731329690346086,0.347139116575592,0.3435851548269581,8784,0.34601252276867034
2024,Jawa Barat,Indramayu,-6.32639,108.32,Asia/Jakarta,28.219797358834246,74.7202868852459,1948.1,1948.1,1722.1200000000001,0.2870846994535519,0.28310815118397087,0.2892735655737705,8784,0.2864888054037644
2024,Jawa Barat,Karawang,-6.30525,107.3197,Asia/Jakarta,27.864651639344263,77.96470856102003,2477.7,2477.7,1559.82,0.3413582650273224,0.3379907786885246,0.34529781420765027,8784,0.34154895264116575
2024,Jawa Barat,Subang,-6.57,107.75667,Asia/Jakarta,27.302698087431693,76.8853597449909,2327.9,2327.9,1556.68,0.3763070355191257,0.37515551001821495,0.3750099043715847,8784,0.37549081663630846
2024,Jawa Tengah,Cilacap,-7.72639,109.00944,Asia/Jakarta,26.61330828779599,83.69296448087432,2178.0,2178.0,1526.88,0.22793442622950819,0.2176773679417122,0.21120958561020037,8784,0.21894045992714026
2024,Jawa Tengah,Demak,-6.8909,110.6396,Asia/Jakarta,27.339287340619308,79.40368852459017,2656.1,2656.1,1621.35,0.34750853825136613,0.34640027322404376,0.3515438296903461,8784,0.3484842137219187
2024,Jawa Tengah,Grobogan,-7.0868,110.9158,Asia/Jakarta,27.2640368852459,78.01741803278688,2307.2,2307.2,1633.31,0.32528096539162116,0.32291222677595627,0.32007547814207654,8784,0.3227562234365513
2024,Jawa Tengah,Pati,-6.7559,111.038,Asia/Jakarta,27.55209471766849,79.84540072859745,2195.2,2195.2,1568.74,0.3925905054644809,0.3887589936247723,0.3909709699453552,8784,0.39077348967820275
2024,Jawa Tengah,Sragen,-7.42639,111.02222,Asia/Jakarta,27.518715846994535,75.94660746812386,2153.1,2153.1,1679.93,0.38689936247723133,0.3948370901639344,0.39892338342440803,8784,0.3935532786885246
2024,Jawa Timur,Bojonegoro,-7.1502,111.8817,Asia/Jakarta,27.487568306010928,76.89867941712204,2462.8,2462.8,1638.25,0.38243419854280514,0.3836271630236794,0.387333674863388,8784,0.3844650121432909
2024,Jawa Timur,Jember,-8.17211,113.69953,Asia/Jakarta,26.821755464480873,80.6120218579235,2095.0,2095.0,1496.78,0.2432075364298725,0.23273463114754098,0.23301366120218578,8784,0.23631860959319975
2024,Jawa Timur,Lamongan,-7.11667,112.41667,Asia/Jakarta,28.00315346083789,76.79269125683061,2594.9,2594.9,1639.23,0.37212135701275045,0.37321368397085614,0.3785186703096539,8784,0.37461790376442017
2024,Jawa Timur,Ngawi,-7.4038,111.4461,Asia/Jakarta,27.40186703096539,75.7596766848816,2834.6,2834.6,1754.76,0.3829293032786885,0.389075591985428,0.3907649134790528,8784,0.3875899362477231
2024,Jawa Timur,Tuban,-6.8976,112.0649,Asia/Jakarta,27.169262295081968,79.84073315118397,2490.1,2490.1,1607.17,0.30110405282331515,0.29698132969034613,0.30654098360655735,8784,0.30154212204007286
2024,Kalimantan Barat,Kubu Raya,-0.12694,109.40389,Asia/Pontianak,26.45549863387978,89.74328324225866,4169.4,4169.4,1289.05,0.38681341074681236,0.39098861566484516,0.389496470856102,8784,0.3890994990892532
2024,Kalimantan Barat,Landak,0.38333,109.95,Asia/Pontianak,26.136862477231332,89.80623861566484,4164.4,4164.4,1283.21,0.38915676229508195,0.38915414389799635,0.3861747495446266,8784,0.38816188524590167
2024,Kalimantan Barat,Mempawah,0.37102,108.97013,Asia/Pontianak,26.644990892531876,88.29735883424408,3372.4,3372.4,1281.36,0.38323770491803283,0.38331124772313296,0.388300660291439,8784,0.3849498709775349
2024,Kalimantan Barat,Sambas,1.33333,109.25,Asia/Pontianak,26.2695810564663,89.14412568306011,3440.0,3440.0,1208.22,0.276366689435337,0.2785417805100182,0.27133469945355193,8784,0.27541438979963573
2024,Kalimantan Barat,Sanggau,0.13333,110.6,Asia/Pontianak,26.31593806921676,88.96402550091075,4376.5,4376.5,1293.6,0.4030006830601093,0.40418761384335156,0.40639139344262293,8784,0.4045265634486946
2024,Kalimantan Selatan,Banjar,-3.4109,114.8642,Asia/Makassar,26.805088797814207,85.59927140255009,3828.6,3828.6,1350.65,0.5554832650273224,0.5552207422586521,0.5505793488160291,8784,0.5537611187006679
2024,Kalimantan Selatan,Barito Kuala,-3.0136,114.7687,Asia/Makassar,26.80108151183971,87.41678051001821,4091.8,4091.8,1347.27,0.38383834244080145,0.3834137067395264,0.381686247723133,8784,0.38297943230115356
2024,Kalimantan Selatan,Hulu Sungai Selatan,-2.7837,115.2772,Asia/Makassar,26.359619763205828,87.52800546448087,3878.2,3878.2,1332.7,0.4065684198542805,0.4075590846994535,0.4042073087431694,8784,0.40611160443230115
2024,Kalimantan Selatan,Tanah Laut,-3.7987,114.7788,Asia/Makassar,26.579212204007284,85.08378870673953,3415.6,3415.6,1370.5,0.45231967213114754,0.45730510018214937,0.4577172131147541,8784,0.4557806618093503
2024,Kalimantan Selatan,Tapin,-2.9334,115.1621,Asia/Makassar,26.513467668488158,86.43909380692168,3814.0,3814.0,1346.81,0.41616279599271405,0.4215747950819672,0.41928677140255005,8784,0.41900812082574374
2024,Kalimantan Tengah,Barito Timur,-2.1236,115.1958,Asia/Pontianak,26.408060109289618,88.70890255009107,4212.2,4212.2,1340.81,0.49297131147540985,0.49281215846994536,0.49431238615664846,8784,0.49336528536733454
2024,Kalimantan Tengah,Kapuas,-3.0013,114.3916,Asia/Jakarta,26.88697632058288,86.53210382513662,3939.6,3939.6,1350.31,0.4052797131147541,0.40227231329690344,0.3887537568306011,8784,0.39876859441408624
2024,Kalimantan Tengah,Kotawaringin Timur,-2.5315,112.9496,Asia/Pontianak,26.709972677595626,86.89583333333333,4201.6,4201.6,1326.63,0.28103734061930785,0.2808917349726776,0.269975295992714,8784,0.2773014571948998
2024,Kalimantan Tengah,Pulang Pisau,-2.7671,114.2406,Asia/Pontianak,26.602402094717668,88.99772313296903,4237.0,4237.0,1336.26,0.386147427140255,0.3871929644808743,0.3813370901639344,8784,0.3848924939283546
2024,Kalimantan Tengah,Seruyan,-3.39228,112.55049,Asia/Pontianak,27.418670309653915,83.29986338797814,3367.5,3367.5,1452.16,0.27737716302367943,0.2761974043715847,0.2611473132969035,8784,0.27157396023072256
2024,Kalimantan Timur,Berau,2.15281,117.49672,Asia/Makassar,26.344592440801456,89.88479052823315,3663.1,3663.1,1310.99,0.40462044626593807,0.4049519581056466,0.40675182149362477,8784,0.40544140862173644
2024,Kalimantan Timur,Kutai Kartanegara,-0.42366,116.98895,Asia/Makassar,26.67013888888889,87.7167577413479,3375.8,3375.8,1342.44,0.3972536429872496,0.398167577413479,0.3981959244080146,8784,0.3978723816029144
2024,Kalimantan Timur,Kutai Timur,0.5049,117.5279,Asia/Makassar,26.47990664845173,87.62898451730419,3380.8,3380.8,1399.94,0.39044672131147545,0.3903523451730419,0.3857118624772313,8784,0.38883697632058284
2024,Kalimantan Timur,Paser,-1.91013,116.202,Asia/Makassar,26.57011612021858,88.40163934426229,3822.7,3822.7,1349.23,0.3879245218579235,0.3863091985428051,0.3854779143897996,8784,0.3865705449301761
2024,Kalimantan Timur,Penajam Paser Utara,-1.24919,116.76968,Asia/Makassar,27.017372495446267,86.10576047358835,3266.5,3266.5,1392.04,0.42957251821493625,0.43052254098360654,0.43327846083788707,8784,0.4311245066788099
2024,Kalimantan Utara,Bulungan,2.8375,117.36528,Asia/Makassar,26.30917577413479,89.44854280510019,3998.6,3998.6,1305.34,0.4101574453551912,0.41078734061930783,0.41212249544626595,8784,0.411022427140255
2024,Kalimantan Utara,Malinau,3.58855,116.62391,Asia/Makassar,26.143146630236792,89.81477686703097,5781.8,5781.8,1331.14,0.4787316712204007,0.48215926684881605,0.4865467896174864,8784,0.4824792425622344
2024,Kalimantan Utara,Nunukan,4.13841,117.6507,Asia/Makassar,26.35770719489982,88.23474499089254,3838.7,3838.7,1315.61,0.45865812841530057,0.4625292577413479,0.46617178961748634,8784,0.46245305859137825
2024,Kalimantan Utara,Tana Tidung,3.60815,116.90668,Asia/Makassar,26.264162112932603,89.68989071038251,4889.6,4889.6,1284.42,0.388538820582878,0.3904676684881603,0.3901399134790528,8784,0.389715467516697
2024,Kalimantan Utara,Tarakan,3.31332,117.59152,Asia/Makassar,27.07049180327869,85.32912112932604,4093.8,4093.8,1455.33,0.4018703324225865,0.4030193533697632,0.40209858834244083,8784,0.4023294247115969
2024,Kepulauan Bangka Belitung,Bangka,-1.85442,106.12215,Asia/Jakarta,27.232115209471765,84.6471994535519,2700.1,2700.1,1434.6200000000001,0.35583674863387976,0.35626275045537337,0.35438547358834244,8784,0.35549499089253184
2024,Kepulauan Bangka Belitung,Bangka Barat,-2.06719,105.16228,Asia/Jakarta,27.442998633879782,83.91336520947176,2711.7,2711.7,1444.99,0.3350536202185792,0.3234602686703097,0.3112506830601093,8784,0.3232548573163327
2024,Kepulauan Bangka Belitung,Bangka Selatan,-3.0,106.5,Asia/Jakarta,26.930783242258652,85.54348816029145,3379.9,3379.9,1376.96,0.2654789389799636,0.2623545081967213,0.25637625227686706,8784,0.26140323315118397
2024,Kepulauan Bangka Belitung,Belitung,-2.73353,107.63477,Asia/Jakarta,27.455510018214937,82.58674863387978,2595.7,2595.7,1410.2,0.2559377276867031,0.25222882513661204,0.24726627959927142,8784,0.2518109441408622
2024,Kepulauan Bangka Belitung,Belitung Timur,-2.88333,108.26667,Asia/Jakarta,27.72174408014572,81.91814663023679,2406.5,2406.5,1473.36,0.39770252732240435,0.3992702641165756,0.39786634790528236,8784,0.39827971311475413
2024,Kepulauan Riau,Batam,1.14937,104.02491,Asia/Jakarta,27.541029143897994,83.36782786885246,2615.7,2615.7,1456.92,0.2584165528233151,0.257800660291439,0.24921755464480874,8784,0.25514492258652094
2024,Kepulauan Riau,Bintan,1.1,104.525,Asia/Pontianak,27.20662568306011,84.66962659380692,2866.8,2866.8,1435.46,0.25954770036429875,0.2546931921675774,0.23933970856102005,8784,0.2511935336976321
2024,Kepulauan Riau,Karimun,-6.5194,106.2899,Asia/Jakarta,26.2399704007286,82.18271857923497,2865.3,2865.3,1425.65,0.37201605191256826,0.36958287795992717,0.36682980418943534,8784,0.3694762446873103
2024,Kepulauan Riau,Lingga,-10.5684,121.8988,Asia/Makassar,27.229496812386156,73.91404826958106,1049.9,1049.9,1855.15,0.31361122495446264,0.34182570582877964,0.3609795081967213,8784,0.3388054796599878
2024,Kepulauan Riau,Natuna,3.9384,108.38401,Asia/Jakarta,27.630623861566484,82.23633879781421,2552.2,2552.2,1409.65,0.2741090619307832,0.2714986338797814,0.2533744307832423,8784,0.266327375531269
2024,Lampung,Lampung Selatan,-5.73805,105.5916,Asia/Jakarta,27.475831056466305,82.59107468123861,2331.0,2331.0,1467.56,0.426194558287796,0.42267133424408015,0.4289913479052823,8784,0.4259524134790528
2024,Lampung,Lampung Tengah,-4.9753,105.21396,Asia/Jakarta,26.735906193078325,84.1028005464481,3536.2,3536.2,1438.89,0.43679291894353367,0.43768306010928965,0.44100387067395264,8784,0.4384932832422586
2024,Lampung,Lampung Timur,-5.06446,105.54869,Asia/Jakarta,26.827607012750455,84.24521857923497,3127.1,3127.1,1420.33,0.4321714480874317,0.434728825136612,0.4379776867030965,8784,0.43495931997571335
2024,Lampung,Lampung Utara,-4.82505,104.8817,Asia/Jakarta,26.650785519125684,85.23041894353369,3516.7,3516.7,1436.3700000000001,0.43195036429872496,0.42891985428051005,0.42962454462659383,8784,0.4301649210686096
2024,Lampung,Tulang Bawang,-4.47131,105.25214,Asia/Jakarta,27.090220856102004,83.51684881602914,3559.0,3559.0,1439.74,0.40857536429872493,0.4116646174863388,0.4123994763205829,8784,0.41087981936854884
2024,Maluku,Buru,-3.26194,127.09292,Asia/Jayapura,26.950831056466303,82.7174408014572,1901.8,1901.8,1526.23,0.3274779143897996,0.3249973816029144,0.3193754553734062,8784,0.32395025045537346
2024,Maluku,Maluku Tengah,-3.29833,128.96883,Asia/Jayapura,26.33834244080146,86.74100637522768,3173.3,3173.3,1286.66,0.3362924635701275,0.3370451958105647,0.33297586520947176,8784,0.33543784153005457
2024,Maluku,Maluku Tenggara,-5.66689,132.73763,Asia/Jayapura,27.325774134790528,81.78882058287796,2170.5,2170.5,1508.33,0.2521284153005464,0.24575614754098363,0.23397768670309657,8784,0.24395408318154221
2024,Maluku,Seram Bagian Barat,-3.0618,128.1945,Asia/Jayapura,26.761122495446266,84.24203096539162,2641.9,2641.9,1355.68,0.4003971994535519,0.40085792349726773,0.4018047586520947,8784,0.4010199605343048
2024,Maluku,Seram Bagian Timur,-3.1112,130.4954,Asia/Jayapura,26.067827868852458,86.51366120218579,3604.1,3604.1,1374.4,0.2816516393442623,0.27969968123861566,0.27449487704918035,8784,0.2786153992106861
2024,Maluku Utara,Halmahera Barat,1.06504,127.46786,Asia/Jayapura,26.329018670309654,86.4141621129326,2954.9,2954.9,1360.59,0.37827652550091073,0.3739207650273224,0.3725117258652095,8784,0.37490300546448085
2024,Maluku Utara,Halmahera Selatan,-0.62546,127.47808,Asia/Jayapura,26.538513205828778,90.2431693989071,4934.1,4934.1,1316.65,0.41341962659380693,0.40953836520947173,0.40654872495446265,8784,0.40983557225258044
2024,Maluku Utara,Halmahera Timur,0.7007,128.29198,Asia/Jayapura,26.51388888888889,87.78403916211293,3272.1,3272.1,1374.77,0.4067069672131148,0.4066370673952641,0.4064124544626594,8784,0.40658549635701274
2024,Maluku Utara,Halmahera Utara,1.72837,128.00948,Asia/Jayapura,27.042588797814208,86.23816029143897,3195.0,3195.0,1469.98,0.35868579234972675,0.35408310564663026,0.3543262750455373,8784,0.3556983910139648
2024,Maluku Utara,Tidore Kepulauan,0.65277,127.44533,Asia/Jayapura,27.443715846994536,80.44683515482696,1815.2,1815.2,1521.55,0.37307581967213116,0.36650853825136614,0.36259084699453553,8784,0.36739173497267763
2024,Nusa Tenggara Barat,Bima,-8.46006,118.72667,Asia/Makassar,27.362204007285975,80.9601548269581,2322.4,2322.4,1529.24,0.32247677595628416,0.33327413479052825,0.3367632058287796,8784,0.3308380388585307
2024,Nusa Tenggara Barat,Dompu,-8.5365,118.4634,Asia/Makassar,26.664401183970856,83.48155737704919,1810.6,1810.6,1475.82,0.3260551001821494,0.32561099726775955,0.3269158697632058,8784,0.3261939890710382
2024,Nusa Tenggara Barat,Lombok Tengah,-8.70536,116.27036,Asia/Makassar,26.435268670309654,81.3877504553734,1741.3,1741.3,1541.47,0.3773614526411658,0.3854722222222222,0.39170821948998175,8784,0.3848472981177899
2024,Nusa Tenggara Barat,Lombok Timur,-8.6503,116.5318,Asia/Makassar,25.811532331511838,80.47131147540983,2242.4,2242.4,1483.0,0.3808344717668488,0.37603597449908926,0.387155737704918,8784,0.3813420613236187
2024,Nusa Tenggara Barat,Sumbawa,-8.49317,117.42024,Asia/Makassar,27.72230191256831,75.02060564663023,1453.9,1453.9,1738.28,0.2638688524590164,0.2610447404371585,0.25699544626593807,8784,0.260636346387371
2024,Nusa Tenggara Timur,Belu,-9.10611,124.8925,Asia/Makassar,25.49137067395264,76.727572859745,1984.0,1984.0,1609.07,0.29168385701275046,0.29271026867030964,0.2895316484517304,8784,0.2913085913782635
2024,Nusa Tenggara Timur,Kupang,-10.0642,123.8787,Asia/Makassar,27.07872267759563,76.095514571949,1071.9,1071.9,1731.68,0.25137021857923497,0.23802424863387978,0.22121584699453553,8784,0.23687010473588344
2024,Nusa Tenggara Timur,Manggarai,-8.61139,120.46444,Asia/Makassar,20.23032786885246,88.45218579234972,2015.6,2015.6,1228.31,0.30214663023679417,0.3017667349726776,0.2982745901639344,8784,0.30072931845780204
2024,Nusa Tenggara Timur,Sumba Timur,-9.6567,120.2641,Asia/Makassar,27.078119307832424,75.61748633879782,1695.1,1695.1,1729.22,0.2522681010928962,0.25287568306010927,0.2640850409836066,8784,0.2564096083788707
2024,Nusa Tenggara Timur,Timor Tengah Selatan,-9.86071,124.28395,Asia/Makassar,21.99318078324226,78.95286885245902,1591.3,1591.3,1519.0,0.2706335382513661,0.2653674863387978,0.2592546675774135,8784,0.26508523072252577
2024,Papua,Biak Numfor,-1.1767,136.082,Asia/Jayapura,26.633390255009108,87.67440801457195,3754.7,3754.7,1331.07,0.4041943306010929,0.40429792805100184,0.39659892987249545,8784,0.40169706284153
2024,Papua,Jayapura,-2.5691,140.5127,Asia/Jayapura,26.39319216757741,89.87215391621129,4325.7,4325.7,1256.79,0.3478794398907104,0.34660450819672134,0.3411325136612022,8784,0.34520548724954464
2024,Papua,Keerom,-2.9028,140.7657,Asia/Jayapura,26.08849043715847,90.2953096539162,4858.0,4858.0,1261.97,0.4730870901639344,0.47921755464480875,0.4800932377049181,8784,0.47746596083788706
2024,Papua,Kota Jayapura,-2.53371,140.71812,Asia/Jayapura,26.84260018214936,88.97142531876139,4871.2,4871.2,1304.1,0.579923383424408,0.583713683970856,0.5800056921675774,8784,0.5812142531876138
2024,Papua,Sarmi,-1.85302,138.75093,Asia/Jayapura,26.450387067395265,88.90915300546447,3837.1,3837.1,1340.3,0.4520585154826958,0.4521120218579235,0.4487905282331512,8784,0.4509870218579235
2024,Papua Barat,Fakfak,-2.92481,132.29813,Asia/Jayapura,26.04754098360656,88.97290528233151,3684.3,3684.3,1223.68,0.40182012750455376,0.40208344717668487,0.395416325136612,8784,0.39977329993928357
2024,Papua Barat,Kaimana,-3.6635,133.7649,Asia/Jayapura,26.25928961748634,89.17372495446266,2970.0,2970.0,1312.15,0.4070941484517304,0.407529485428051,0.4082647996357013,8784,0.4076294778384943
2024,Papua Barat,Manokwari,-0.86291,134.06403,Asia/Jayapura,26.627299635701277,86.01798724954463,2945.1,2945.1,1399.35,0.4750596539162113,0.475451616575592,0.4708910519125683,8784,0.47380077413479055
2024,Papua Barat,Manokwari Selatan,-1.5083,134.1708,Asia/Jayapura,26.719637978142075,84.10120673952642,2783.1,2783.1,1381.75,0.40275819672131147,0.40216882969034606,0.4027863160291439,8784,0.40257111414693375
2024,Papua Barat,Teluk Bintuni,-2.10967,133.52461,Asia/Jayapura,25.757046903460836,90.01024590163935,4582.1,4582.1,1312.07,0.44801707650273226,0.45145207194899817,0.4507488615664845,8784,0.4500726700060717
2024,Papua Barat Daya,Maybrat,-1.25667,132.49973,Asia/Jayapura,23.76306921675774,91.38888888888889,5563.7,5563.7,1237.52,0.47465118397085615,0.48335598816029146,0.4839820127504553,8784,0.48066306162720096
2024,Papua Barat Daya,Raja Ampat,-0.2379,130.5072,Asia/Jayapura,25.435769581056466,89.97882513661202,4638.9,4638.9,1319.53,0.425329121129326,0.4253671448087432,0.424245218579235,8784,0.4249804948391014
2024,Papua Barat Daya,Sorong,-0.95698,131.33534,Asia/Jayapura,25.70228825136612,90.75899362477232,5226.8,5226.8,1296.5,0.37753551912568306,0.37798076047358836,0.3745252732240437,8784,0.37668051760777166
2024,Papua Barat Daya,Sorong Selatan,-1.4416,132.01428,Asia/Jayapura,25.870799180327868,91.1716757741348,5164.0,5164.0,1272.88,0.41122700364298725,0.41275387067395264,0.4106728142076503,8784,0.4115512295081967
2024,Papua Barat Daya,Tambrauw,-0.80889,132.43222,Asia/Jayapura,23.93745446265938,91.58014571948998,5887.6,5887.6,1246.43,0.41439423952641163,0.41604485428051,0.4169913479052823,8784,0.41581014723740134
2024,Papua Pegunungan,Jayawijaya,-4.09583,138.94806,Asia/Jayapura,18.992953096539164,82.41962659380692,4289.7,4289.7,1277.44,0.41549419398907106,0.41645070582877963,0.41485735428051,8784,0.41560075136612024
2024,Papua Pegunungan,Lanny Jaya,-3.92361,138.45473,Asia/Jayapura,16.689071038251363,88.06432149362477,3695.3,3695.3,1312.94,0.41503051001821495,0.4159862249544627,0.41646231785063753,8784,0.41582635094110504
2024,Papua Pegunungan,Mamberamo Tengah,-3.66417,139.065,Asia/Jayapura,21.48469945355191,92.00216302367942,5428.1,5428.1,1255.6200000000001,0.4130505464480874,0.4132440801457195,0.4138452868852459,8784,0.41337997115968433
2024,Papua Pegunungan,Tolikara,-3.6994,138.4579,Asia/Jayapura,18.01366120218579,86.75910746812386,4490.5,4490.5,1168.27,0.42252071948998177,0.4236906876138434,0.4243126138433515,8784,0.4235080069823922
2024,Papua Pegunungan,Yahukimo,-4.85614,139.48105,Asia/Jayapura,25.597677595628415,90.93101092896175,7336.8,7336.8,1209.28,0.47764890710382507,0.4828448315118397,0.48137443078324227,8784,0.480622723132969
2024,Papua Selatan,Asmat,-5.54505,138.13522,Asia/Jayapura,26.40807149362477,88.74795081967213,3602.6,3602.6,1264.78,0.39932536429872495,0.4018575819672131,0.40067543260473587,8784,0.400619459623558
2024,Papua Selatan,Boven Digoel,-6.09756,140.30649,Asia/Jayapura,26.294137067395265,88.04587887067396,5027.4,5027.4,1266.69,0.47303517759562835,0.47879963570127504,0.48010678506375226,8784,0.4773138661202186
2024,Papua Selatan,Mappi,-6.52461,139.32224,Asia/Jayapura,26.330862932604735,87.37682149362477,3614.1,3614.1,1246.13,0.5532799408014571,0.5544894125683061,0.5534249772313297,8784,0.5537314435336976
2024,Papua Selatan,Merauke,-8.49958,140.40613,Asia/Jayapura,26.771516393442624,83.2561475409836,2711.9,2711.9,1431.44,0.5017614981785063,0.5010169626593807,0.4992897313296903,8784,0.5006893973891925
2024,Papua Tengah,Deiyai,-3.96667,136.26666,Asia/Jayapura,18.3906762295082,90.4700591985428,4247.9,4247.9,1118.57,0.41830646630236795,0.42189378415300544,0.41613627049180324,8784,0.41877884031572554
2024,Papua Tengah,Dogiyai,-3.96139,135.9436,Asia/Jayapura,18.895742258652096,90.7007058287796,4540.8,4540.8,1137.18,0.4190194672131147,0.41997825591985427,0.42076707650273226,8784,0.4199215998785671
2024,Papua Tengah,Mimika,-4.61407,136.67679,Asia/Jayapura,25.831022313296906,91.28244535519126,5944.9,5944.9,1212.51,0.40626423041894355,0.4080565801457195,0.4071975182149362,8784,0.4071727762598664
2024,Papua Tengah,Nabire,-3.35989,135.50073,Asia/Jayapura,26.511498178506375,87.50318761384335,3002.6,3002.6,1335.2,0.4034061930783242,0.40354007285974497,0.40407081056466304,8784,0.40367235883424407
2024,Papua Tengah,Paniai,-3.93032,136.37651,Asia/Jayapura,17.562010473588344,90.86657559198542,4123.2,4123.2,1050.8,0.3980116120218579,0.4049790528233151,0.4049890710382514,8784,0.4026599119611414
2024,Riau,Indragiri Hilir,-0.3227,103.1603,Asia/Jakarta,26.77907559198543,87.95218579234972,3194.9,3194.9,1347.41,0.3925961976320583,0.3929002732240437,0.39473713570127505,8784,0.39341120218579234
2024,Riau,Kampar,0.33833,101.02361,Asia/Jakarta,26.381876138433515,88.16063296903461,4089.4,4089.4,1355.36,0.4611251138433516,0.46873975409836066,0.46893260473588344,8784,0.46626582422586527
2024,Riau,Rokan Hilir,2.15668,100.80763,Asia/Jakarta,26.663126138433515,88.56728142076503,4566.4,4566.4,1290.35,0.35134494535519123,0.35133743169398907,0.3451029143897996,8784,0.34926176381299334
2024,Riau,Rokan Hulu,0.86459,100.29547,Asia/Jakarta,26.24491120218579,88.66586976320583,4191.5,4191.5,1354.07,0.4686664389799635,0.4739614071038251,0.4741540300546448,8784,0.4722606253794778
2024,Riau,Siak,0.79317,102.0511,Asia/Jakarta,26.653107923497267,88.17110655737704,3448.6,3448.6,1316.99,0.3878435792349727,0.38911646174863385,0.38603244535519127,8784,0.38766416211293264
2024,Sulawesi Barat,Majene,-3.5403,118.9707,Asia/Makassar,27.636896630236794,79.80498633879782,1437.4,1437.4,1586.36,0.31709540072859743,0.29969319216757745,0.2738859289617486,8784,0.2968915072859745
2024,Sulawesi Barat,Mamasa,-2.942,119.3776,Asia/Makassar,20.101571038251368,89.99635701275045,3766.3,3766.3,1204.95,0.4246692850637523,0.42764344262295084,0.4277735655737705,8784,0.4266954310868245
2024,Sulawesi Barat,Mamuju,-2.68056,118.88611,Asia/Makassar,27.458082877959924,82.0858378870674,1946.1,1946.1,1485.55,0.40554474043715844,0.40586122495446264,0.40736589253187616,8784,0.40625728597449906
2024,Sulawesi Barat,Mamuju Tengah,-2.08944,119.34722,Asia/Makassar,26.238809198542807,90.62488615664846,4097.7,4097.7,1383.94,0.3978200136612022,0.39708686247723135,0.399692281420765,8784,0.3981997191863995
2024,Sulawesi Barat,Polewali Mandar,-3.4324,119.3435,Asia/Makassar,26.91662112932605,82.27732240437159,1908.1,1908.1,1447.32,0.3879355646630237,0.3849758652094718,0.3837107240437158,8784,0.38554071797207046
2024,Sulawesi Selatan,Bone,-4.5386,120.3279,Asia/Makassar,26.97537568306011,82.73884335154827,3071.3,3071.3,1554.08,0.41670229963570127,0.4086372950819672,0.3931929644808743,8784,0.4061775197328476
2024,Sulawesi Selatan,Gowa,-5.1971,119.451,Asia/Makassar,27.467634335154827,80.37260928961749,2575.1,2575.1,1508.63,0.4222514799635701,0.42057308743169397,0.41922996357012754,8784,0.42068484365513054
2024,Sulawesi Selatan,Pinrang,-3.78611,119.65222,Asia/Makassar,27.160052367941713,80.48531420765028,2585.5,2585.5,1582.71,0.314643897996357,0.31281375227686703,0.3134232695810565,8784,0.3136269732847602
2024,Sulawesi Selatan,Sidenreng Rappang,-3.9258194,119.7953,Asia/Makassar,27.560393897996356,78.95081967213115,1617.5,1617.5,1651.08,0.39988046448087433,0.4074311247723133,0.41844945355191254,8784,0.40858701426836674
2024,Sulawesi Selatan,Wajo,-4.1279,120.0297,Asia/Makassar,27.88721539162113,77.95719489981785,1865.0,1865.0,1620.92,0.31785917577413475,0.3066530054644809,0.28349726775956285,8784,0.30266981633272616
2024,Sulawesi Tengah,Banggai,-0.9516,122.7875,Asia/Makassar,26.894637978142075,85.39184881602914,2780.9,2780.9,1479.13,0.3396705373406193,0.3264444444444444,0.30310359744990895,8784,0.32307285974499095
2024,Sulawesi Tengah,Donggala,-0.6723,119.7402,Asia/Makassar,28.31051912568306,78.3360655737705,1372.9,1372.9,1488.16,0.47013012295081963,0.4764938524590164,0.475008310564663,8784,0.47387742865816634
2024,Sulawesi Tengah,Parigi Moutong,-7.7015,108.496,Asia/Jakarta,26.19700591985428,84.40277777777777,2123.0,2123.0,1400.92,0.36614913479052824,0.357850295992714,0.3546523224043716,8784,0.3595505843958713
2024,Sulawesi Tengah,Poso,-1.3959,120.7524,Asia/Makassar,26.39007285974499,84.22290528233151,2492.3,2492.3,1402.53,0.4054863387978142,0.4056519808743169,0.40676525500910743,8784,0.40596785822707954
2024,Sulawesi Tengah,Sigi,-0.94982,119.91805,Asia/Makassar,26.660860655737704,88.23292349726776,3178.1,3178.1,1428.42,0.40333982240437155,0.4055686475409836,0.4026058743169399,8784,0.40383811475409837
2024,Sulawesi Tenggara,Bombana,-4.62767,122.00472,Asia/Makassar,26.52108378870674,84.51445810564663,2226.4,2226.4,1530.39,0.2827431693989071,0.27344956739526416,0.2708438069216758,8784,0.27567884790528235
2024,Sulawesi Tenggara,Kolaka Timur,-3.9613,122.2861,Asia/Makassar,25.866666666666664,88.70412112932604,3091.5,3091.5,1390.1200000000001,0.3973977686703096,0.3988175091074681,0.3994808743169399,8784,0.39856538403157254
2024,Sulawesi Tenggara,Konawe,-3.8539,122.042,Asia/Makassar,25.707604735883425,88.37511384335154,3412.0,3412.0,1384.86,0.3669360200364299,0.36868499544626593,0.3662456739526411,8784,0.3672888964784457
2024,Sulawesi Tenggara,Konawe Selatan,-4.3273,122.2522,Asia/Makassar,26.26723588342441,85.41154371584699,3048.3,3048.3,1427.6200000000001,0.38197939435336975,0.38144683515482697,0.37745025045537345,8784,0.38029215998785676
2024,Sulawesi Tenggara,Muna,-4.838,122.7209,Asia/Makassar,27.386634790528234,79.5521402550091,1828.0,1828.0,1532.91,0.337640368852459,0.32740004553734064,0.3287160746812386,8784,0.3312521630236794
2024,Sulawesi Utara,Bolaang Mongondow,0.8755,124.0098,Asia/Makassar,26.938615664845173,84.38923041894354,2685.2,2685.2,1442.8700000000001,0.3334862249544626,0.3353115892531876,0.33265357468123863,8784,0.33381712962962967
2024,Sulawesi Utara,Bolaang Mongondow Utara,0.9083,123.2679,Asia/Makassar,26.84872495446266,85.68909380692168,3222.0,3222.0,1405.51,0.3914434198542805,0.3912999772313297,0.3932818761384335,8784,0.3920084244080146
2024,Sulawesi Utara,Minahasa,1.3054,124.91261,Asia/Makassar,22.311725865209475,90.71812386156648,2655.7,2655.7,1240.26,0.46139947632058287,0.4711300091074681,0.47134949908925317,8784,0.4679596615057681
2024,Sulawesi Utara,Minahasa Selatan,-1.1825,124.573,Asia/Makassar,27.99355646630237,78.92827868852459,2471.0,2471.0,1657.33,,,,8784,
2024,Sulawesi Utara,Minahasa Utara,1.42804,124.97774,Asia/Makassar,24.968556466302367,90.62443078324226,3547.6,3547.6,1320.17,0.2752934881602914,0.2720182149362477,0.266649704007286,8784,0.2713204690346083
2024,Sumatera Barat,Agam,-0.32545,100.06462,Asia/Jakarta,25.702550091074684,89.52720856102003,6605.5,6605.5,1231.88,0.39070434881602917,0.39267440801457193,0.3882232468123861,8784,0.3905340012143291
2024,Sumatera Barat,Lima Puluh Kota,-0.1503,100.664,Asia/Jakarta,23.671983151183973,89.34403460837888,2923.2,2923.2,1277.49,0.39048315118397087,0.391628529143898,0.3820338114754098,8784,0.3880484972677596
2024,Sumatera Barat,Pasaman Barat,0.09703,99.82339,Asia/Jakarta,25.41934198542805,89.63148907103825,4657.1,4657.1,1248.79,0.4610114981785064,0.4659245218579235,0.46096755464480876,8784,0.46263452489374624
2024,Sumatera Barat,Solok,-0.95221,100.621,Asia/Jakarta,21.307251821493622,89.00466757741349,3438.0,3438.0,1174.5,0.42610234517304185,0.43122552367941713,0.4276446948998179,8784,0.4283241879174256
2024,Sumatera Barat,Tanah Datar,-0.4606,100.6107,Asia/Jakarta,24.171994535519126,86.85348360655738,3460.2,3460.2,1327.42,0.3935443989071038,0.3947988387978142,0.3840204918032787,8784,0.3907879098360656
2024,Sumatera Selatan,Banyuasin,-2.8812,104.3943,Asia/Jakarta,27.091723588342443,84.23622495446266,3210.0,3210.0,1401.76,0.40349658469945354,0.40598053278688523,0.40538012295081965,8784,0.4049524134790528
2024,Sumatera Selatan,Muara Enim,-3.6486,103.771,Asia/Jakarta,27.09398907103825,82.13262750455374,3743.3,3743.3,1492.45,0.42828233151183975,0.43613103369763206,0.4327244990892532,8784,0.432379288099575
2024,Sumatera Selatan,Musi Banyuasin,-2.8819,103.8344,Asia/Jakarta,27.035746812386158,84.5691029143898,3339.8,3339.8,1426.5,0.4196454918032787,0.42116336520947173,0.42151662112932603,8784,0.42077515938069215
2024,Sumatera Selatan,Ogan Komering Ilir,-3.392,104.8306,Asia/Jakarta,26.819216757741348,85.99624316939891,3398.2,3398.2,1369.58,0.3623096539162113,0.36097916666666663,0.3610094489981785,8784,0.3614327565270188
2024,Sumatera Selatan,Ogan Komering Ulu Timur,-3.4109,114.8642,Asia/Makassar,26.805088797814207,85.59927140255009,3828.6,3828.6,1350.65,0.5554832650273224,0.5552207422586521,0.5505793488160291,8784,0.5537611187006679
2024,Sumatera Utara,Deli Serdang,3.5592,98.8733,Asia/Jakarta,26.40757058287796,89.40129781420765,4199.3,4199.3,1310.35,0.40241165755919855,0.4032308743169399,0.40556056466302365,8784,0.403734365513054
2024,Sumatera Utara,Langkat,3.73335,98.45025,Asia/Jakarta,26.55478142076503,89.52094717668488,4082.5,4082.5,1305.93,0.3926542577413479,0.3928270719489982,0.3867420309653916,8784,0.39074112021857915
2024,Sumatera Utara,Mandailing Natal,0.8651,99.5528,Asia/Jakarta,25.583242258652096,88.17509107468123,2934.1,2934.1,1345.8,0.39991029143897994,0.4007479508196721,0.40419000455373405,8784,0.4016160822707954
2024,Sumatera Utara,Serdang Bedagai,3.4845,99.1366,Asia/Jakarta,26.41084927140255,89.49852003642987,4370.8,4370.8,1296.08,0.5163030510018215,0.521800660291439,0.5204992030965392,8784,0.5195343047965999
2024,Sumatera Utara,Simalungun,2.9658,98.8473,Asia/Jakarta,20.882809653916212,91.71140710382514,3839.4,3839.4,1169.58,0.3964293032786885,0.39733413023679415,0.39197973588342444,8784,0.395247723132969
